Tanggal,Kecamatan,pam,pat,elevasi
1/1/2018,Kalideres,1154930,17945,5.352066161
1/1/2018,Cengkareng,883655,13730,3.352066161
1/1/2018,Tambora,128,2,4.352066161
1/1/2018,Grogol Petamburan,373284,5800,4.352066161
1/1/2018,Taman Sari,207430,3223,5.352066161
1/1/2018,Kebon Jeruk,1283585,19944,10.352066161
1/1/2018,Kembangan,706538,10978,10.352066161
1/1/2018,Palmerah,692314,10757,9.352066161
1/1/2018,Menteng,1111166,17265,10.391615491
1/1/2018,Tanah Abang,604078,9386,10.391615491
1/1/2018,Sawah Besar,260848,4053,4.391615491
1/1/2018,Gambir,393944,6121,4.391615491
1/1/2018,Cempaka Putih,101366,1575,6.391615491
1/1/2018,Johar Baru,4247,66,11.391615491
1/1/2018,Kemayoran,160062,2487,5.391615491
1/1/2018,Senen,167205,2598,10.391615491
1/1/2018,Kramat Jati,345867,5374,36.364437924
1/1/2018,Ciracas,3470584,53925,52.364437924
1/1/2018,Cipayung,2035368,31625,73.364437924
1/1/2018,Makasar,1685445,26188,29.364437924
1/1/2018,Pasar Rebo,246625,3832,48.364437924
1/1/2018,Jatinegara,243729,3787,17.364437924
1/1/2018,Duren sawit,330228,5131,20.364437924
1/1/2018,Matraman,89652,1393,9.364437924
1/1/2018,Pulo Gadung,417435,6486,11.364437924
1/1/2018,Cakung,444016,6899,9.364437924
1/1/2018,Tanjung Priok,24199,376,4.389159601
1/1/2018,Cilincing,643,10,2.389159601
1/1/2018,Kelapa gading,152145,2364,5.389159601
1/1/2018,Koja,6114,95,5.389159601
1/1/2018,Pademangan,461328,7168,4.389159601
1/1/2018,Penjaringan,1178615,18313,1.389159601
1/1/2018,Setiabudi,1357277,21089,23.394847367
1/1/2018,Tebet,1197150,18601,18.394847367
1/1/2018,Keb Baru,1107690,17211,20.394847367
1/1/2018,Keb Lama,2621747,40736,25.394847367
1/1/2018,Cilandak,2518515,39132,38.394847367
1/1/2018,Pesanggrahan,372898,5794,22.394847367
1/1/2018,Pasar Minggu,5340871,82985,39.394847367
1/1/2018,Jagakarsa,1121850,17431,62.394847367
1/1/2018,Mampang Prapatan,1295942,20136,26.394847367
1/1/2018,Pancoran,2652511,41214,25.394847367
2/1/2018,Kalideres,1151519,17892,5.352066161
2/1/2018,Cengkareng,934370,14518,3.352066161
2/1/2018,Tambora,4312,67,4.352066161
2/1/2018,Grogol Petamburan,293929,4567,4.352066161
2/1/2018,Taman Sari,281701,4377,5.352066161
2/1/2018,Kebon Jeruk,1274961,19810,10.352066161
2/1/2018,Kembangan,658526,10232,10.352066161
2/1/2018,Palmerah,789626,12269,9.352066161
2/1/2018,Menteng,1220834,18969,10.391615491
2/1/2018,Tanah Abang,1142959,17759,10.391615491
2/1/2018,Sawah Besar,370002,5749,4.391615491
2/1/2018,Gambir,468730,7283,4.391615491
2/1/2018,Cempaka Putih,61398,954,6.391615491
2/1/2018,Johar Baru,6886,107,11.391615491
2/1/2018,Kemayoran,243278,3780,5.391615491
2/1/2018,Senen,274300,4262,10.391615491
2/1/2018,Kramat Jati,842079,13084,36.364437924
2/1/2018,Ciracas,703899,10937,52.364437924
2/1/2018,Cipayung,681759,10593,73.364437924
2/1/2018,Makasar,2413094,37494,29.364437924
2/1/2018,Pasar Rebo,890349,13834,48.364437924
2/1/2018,Jatinegara,249135,3871,17.364437924
2/1/2018,Duren sawit,227961,3542,20.364437924
2/1/2018,Matraman,198227,3080,9.364437924
2/1/2018,Pulo Gadung,193528,3007,11.364437924
2/1/2018,Cakung,749916,11652,9.364437924
2/1/2018,Tanjung Priok,58567,910,4.389159601
2/1/2018,Cilincing,6629,103,2.389159601
2/1/2018,Kelapa gading,30055,467,5.389159601
2/1/2018,Koja,6435,100,5.389159601
2/1/2018,Pademangan,495696,7702,4.389159601
2/1/2018,Penjaringan,1277599,19851,1.389159601
2/1/2018,Setiabudi,1537998,23897,23.394847367
2/1/2018,Tebet,1281397,19910,18.394847367
2/1/2018,Keb Baru,1089219,16924,20.394847367
2/1/2018,Keb Lama,3970657,61695,25.394847367
2/1/2018,Cilandak,3694941,57411,38.394847367
2/1/2018,Pesanggrahan,451288,7012,22.394847367
2/1/2018,Pasar Minggu,4485211,69690,39.394847367
2/1/2018,Jagakarsa,1983172,30814,62.394847367
2/1/2018,Mampang Prapatan,1473638,22897,26.394847367
2/1/2018,Pancoran,3214047,49939,25.394847367
3/1/2018,Kalideres,880695,13684,5.352066161
3/1/2018,Cengkareng,430564,6690,3.352066161
3/1/2018,Tambora,386,6,4.352066161
3/1/2018,Grogol Petamburan,358932,5577,4.352066161
3/1/2018,Taman Sari,207559,3225,5.352066161
3/1/2018,Kebon Jeruk,974209,15137,10.352066161
3/1/2018,Kembangan,986437,15327,10.352066161
3/1/2018,Palmerah,729514,11335,9.352066161
3/1/2018,Menteng,501167,7787,10.391615491
3/1/2018,Tanah Abang,638124,9915,10.391615491
3/1/2018,Sawah Besar,306544,4763,4.391615491
3/1/2018,Gambir,822127,12774,4.391615491
3/1/2018,Cempaka Putih,36041,560,6.391615491
3/1/2018,Johar Baru,2445,38,11.391615491
3/1/2018,Kemayoran,224807,3493,5.391615491
3/1/2018,Senen,200930,3122,10.391615491
3/1/2018,Kramat Jati,678541,10543,36.364437924
3/1/2018,Ciracas,552526,8585,52.364437924
3/1/2018,Cipayung,568873,8839,73.364437924
3/1/2018,Makasar,2548377,39596,29.364437924
3/1/2018,Pasar Rebo,333317,5179,48.364437924
3/1/2018,Jatinegara,178018,2766,17.364437924
3/1/2018,Duren sawit,261106,4057,20.364437924
3/1/2018,Matraman,109604,1703,9.364437924
3/1/2018,Pulo Gadung,388988,6044,11.364437924
3/1/2018,Cakung,616692,9582,9.364437924
3/1/2018,Tanjung Priok,10683,166,4.389159601
3/1/2018,Cilincing,7336,114,2.389159601
3/1/2018,Kelapa gading,158903,2469,5.389159601
3/1/2018,Koja,4826,75,5.389159601
3/1/2018,Pademangan,450065,6993,4.389159601
3/1/2018,Penjaringan,953035,14808,1.389159601
3/1/2018,Setiabudi,711815,11060,23.394847367
3/1/2018,Tebet,1319047,20495,18.394847367
3/1/2018,Keb Baru,980066,15228,20.394847367
3/1/2018,Keb Lama,5752385,89379,25.394847367
3/1/2018,Cilandak,2311148,35910,38.394847367
3/1/2018,Pesanggrahan,344902,5359,22.394847367
3/1/2018,Pasar Minggu,4439001,68972,39.394847367
3/1/2018,Jagakarsa,1614972,25093,62.394847367
3/1/2018,Mampang Prapatan,1179065,18320,26.394847367
3/1/2018,Pancoran,2443536,37967,25.394847367
4/1/2018,Kalideres,966872,15023,5.352066161
4/1/2018,Cengkareng,511850,7953,3.352066161
4/1/2018,Tambora,4119,64,4.352066161
4/1/2018,Grogol Petamburan,461393,7169,4.352066161
4/1/2018,Taman Sari,301459,4684,5.352066161
4/1/2018,Kebon Jeruk,1111295,17267,10.352066161
4/1/2018,Kembangan,955159,14841,10.352066161
4/1/2018,Palmerah,696047,10815,9.352066161
4/1/2018,Menteng,769996,11964,10.391615491
4/1/2018,Tanah Abang,3095304,48094,10.391615491
4/1/2018,Sawah Besar,383775,5963,4.391615491
4/1/2018,Gambir,561085,8718,4.391615491
4/1/2018,Cempaka Putih,45309,704,6.391615491
4/1/2018,Johar Baru,3539,55,11.391615491
4/1/2018,Kemayoran,255571,3971,5.391615491
4/1/2018,Senen,324178,5037,10.391615491
4/1/2018,Kramat Jati,644367,10012,36.364437924
4/1/2018,Ciracas,744317,11565,52.364437924
4/1/2018,Cipayung,826053,12835,73.364437924
4/1/2018,Makasar,3129672,48628,29.364437924
4/1/2018,Pasar Rebo,622677,9675,48.364437924
4/1/2018,Jatinegara,1053500,16369,17.364437924
4/1/2018,Duren sawit,306737,4766,20.364437924
4/1/2018,Matraman,36684,570,9.364437924
4/1/2018,Pulo Gadung,427797,6647,11.364437924
4/1/2018,Cakung,810350,12591,9.364437924
4/1/2018,Tanjung Priok,10683,166,4.389159601
4/1/2018,Cilincing,7143,111,2.389159601
4/1/2018,Kelapa gading,158903,2469,5.389159601
4/1/2018,Koja,4826,75,5.389159601
4/1/2018,Pademangan,461586,7172,4.389159601
4/1/2018,Penjaringan,1190585,18499,1.389159601
4/1/2018,Setiabudi,1953889,30359,23.394847367
4/1/2018,Tebet,1507170,23418,18.394847367
4/1/2018,Keb Baru,1134528,17628,20.394847367
4/1/2018,Keb Lama,6407307,99555,25.394847367
4/1/2018,Cilandak,2719638,42257,38.394847367
4/1/2018,Pesanggrahan,316198,4913,22.394847367
4/1/2018,Pasar Minggu,4227967,65693,39.394847367
4/1/2018,Jagakarsa,1737448,26996,62.394847367
4/1/2018,Mampang Prapatan,1073902,16686,26.394847367
4/1/2018,Pancoran,2603791,40457,25.394847367
5/1/2018,Kalideres,797478,12391,5.352066161
5/1/2018,Cengkareng,829143,12883,3.352066161
5/1/2018,Tambora,4247,66,4.352066161
5/1/2018,Grogol Petamburan,241669,3755,4.352066161
5/1/2018,Taman Sari,29734,462,5.352066161
5/1/2018,Kebon Jeruk,1010250,15697,10.352066161
5/1/2018,Kembangan,929157,14437,10.352066161
5/1/2018,Palmerah,666699,10359,9.352066161
5/1/2018,Menteng,1915531,29763,10.391615491
5/1/2018,Tanah Abang,1003428,15591,10.391615491
5/1/2018,Sawah Besar,359190,5581,4.391615491
5/1/2018,Gambir,436743,6786,4.391615491
5/1/2018,Cempaka Putih,155041,2409,6.391615491
5/1/2018,Johar Baru,1158,18,11.391615491
5/1/2018,Kemayoran,169973,2641,5.391615491
5/1/2018,Senen,130907,2034,10.391615491
5/1/2018,Kramat Jati,1055237,16396,36.364437924
5/1/2018,Ciracas,517771,8045,52.364437924
5/1/2018,Cipayung,687938,10689,73.364437924
5/1/2018,Makasar,2564017,39839,29.364437924
5/1/2018,Pasar Rebo,358804,5575,48.364437924
5/1/2018,Jatinegara,270502,4203,17.364437924
5/1/2018,Duren sawit,233882,3634,20.364437924
5/1/2018,Matraman,70473,1095,9.364437924
5/1/2018,Pulo Gadung,383711,5962,11.364437924
5/1/2018,Cakung,654600,10171,9.364437924
5/1/2018,Tanjung Priok,10683,166,4.389159601
5/1/2018,Cilincing,7401,115,2.389159601
5/1/2018,Kelapa gading,158903,2469,5.389159601
5/1/2018,Koja,4826,75,5.389159601
5/1/2018,Pademangan,305385,4745,4.389159601
5/1/2018,Penjaringan,1800327,27973,1.389159601
5/1/2018,Setiabudi,1942819,30187,23.394847367
5/1/2018,Tebet,706731,10981,18.394847367
5/1/2018,Keb Baru,782546,12159,20.394847367
5/1/2018,Keb Lama,5748588,89320,25.394847367
5/1/2018,Cilandak,3071298,47721,38.394847367
5/1/2018,Pesanggrahan,660328,10260,22.394847367
5/1/2018,Pasar Minggu,2781230,43214,39.394847367
5/1/2018,Jagakarsa,1758493,27323,62.394847367
5/1/2018,Mampang Prapatan,1037796,16125,26.394847367
5/1/2018,Pancoran,1620764,25183,25.394847367
6/1/2018,Kalideres,697463,10837,5.352066161
6/1/2018,Cengkareng,401989,6246,3.352066161
6/1/2018,Tambora,4312,67,4.352066161
6/1/2018,Grogol Petamburan,252417,3922,4.352066161
6/1/2018,Taman Sari,34303,533,5.352066161
6/1/2018,Kebon Jeruk,942029,14637,10.352066161
6/1/2018,Kembangan,753842,11713,10.352066161
6/1/2018,Palmerah,671591,10435,9.352066161
6/1/2018,Menteng,916414,14239,10.391615491
6/1/2018,Tanah Abang,1425304,22146,10.391615491
6/1/2018,Sawah Besar,258274,4013,4.391615491
6/1/2018,Gambir,528906,8218,4.391615491
6/1/2018,Cempaka Putih,29991,466,6.391615491
6/1/2018,Johar Baru,1737,27,11.391615491
6/1/2018,Kemayoran,213609,3319,5.391615491
6/1/2018,Senen,94544,1469,10.391615491
6/1/2018,Kramat Jati,568680,8836,36.364437924
6/1/2018,Ciracas,361056,5610,52.364437924
6/1/2018,Cipayung,1445706,22463,73.364437924
6/1/2018,Makasar,2910914,45229,29.364437924
6/1/2018,Pasar Rebo,344580,5354,48.364437924
6/1/2018,Jatinegara,212257,3298,17.364437924
6/1/2018,Duren sawit,380300,5909,20.364437924
6/1/2018,Matraman,174414,2710,9.364437924
6/1/2018,Pulo Gadung,584319,9079,11.364437924
6/1/2018,Cakung,571383,8878,9.364437924
6/1/2018,Tanjung Priok,7143,111,4.389159601
6/1/2018,Cilincing,158903,2469,2.389159601
6/1/2018,Kelapa gading,4826,75,5.389159601
6/1/2018,Koja,330614,5137,5.389159601
6/1/2018,Pademangan,1043910,16220,4.389159601
6/1/2018,Penjaringan,1014369,15761,1.389159601
6/1/2018,Setiabudi,770769,11976,23.394847367
6/1/2018,Tebet,680665,10576,18.394847367
6/1/2018,Keb Baru,4767299,74073,20.394847367
6/1/2018,Keb Lama,2539496,39458,25.394847367
6/1/2018,Cilandak,277131,4306,38.394847367
6/1/2018,Pesanggrahan,3480367,54077,22.394847367
6/1/2018,Pasar Minggu,1271035,19749,39.394847367
6/1/2018,Jagakarsa,1097200,17048,62.394847367
6/1/2018,Mampang Prapatan,1311903,20384,26.394847367
6/1/2018,Pancoran,1311903,20384,25.394847367
7/1/2018,Kalideres,697463,10837,5.352066161
7/1/2018,Cengkareng,401989,6246,3.352066161
7/1/2018,Tambora,4312,67,4.352066161
7/1/2018,Grogol Petamburan,252417,3922,4.352066161
7/1/2018,Taman Sari,34303,533,5.352066161
7/1/2018,Kebon Jeruk,942029,14637,10.352066161
7/1/2018,Kembangan,753842,11713,10.352066161
7/1/2018,Palmerah,671591,10435,9.352066161
7/1/2018,Menteng,916414,14239,10.391615491
7/1/2018,Tanah Abang,1425304,22146,10.391615491
7/1/2018,Sawah Besar,258274,4013,4.391615491
7/1/2018,Gambir,528906,8218,4.391615491
7/1/2018,Cempaka Putih,29991,466,6.391615491
7/1/2018,Johar Baru,1737,27,11.391615491
7/1/2018,Kemayoran,213609,3319,5.391615491
7/1/2018,Senen,94544,1469,10.391615491
7/1/2018,Kramat Jati,568680,8836,36.364437924
7/1/2018,Ciracas,361056,5610,52.364437924
7/1/2018,Cipayung,1445706,22463,73.364437924
7/1/2018,Makasar,2910914,45229,29.364437924
7/1/2018,Pasar Rebo,344580,5354,48.364437924
7/1/2018,Jatinegara,212257,3298,17.364437924
7/1/2018,Duren sawit,380300,5909,20.364437924
7/1/2018,Matraman,174414,2710,9.364437924
7/1/2018,Pulo Gadung,584319,9079,11.364437924
7/1/2018,Cakung,571383,8878,9.364437924
7/1/2018,Tanjung Priok,7465,116,4.389159601
7/1/2018,Cilincing,158903,2469,2.389159601
7/1/2018,Kelapa gading,4826,75,5.389159601
7/1/2018,Koja,330614,5137,5.389159601
7/1/2018,Pademangan,1043910,16220,4.389159601
7/1/2018,Penjaringan,1014369,15761,1.389159601
7/1/2018,Setiabudi,770769,11976,23.394847367
7/1/2018,Tebet,680665,10576,18.394847367
7/1/2018,Keb Baru,4767299,74073,20.394847367
7/1/2018,Keb Lama,2539496,39458,25.394847367
7/1/2018,Cilandak,277131,4306,38.394847367
7/1/2018,Pesanggrahan,3480367,54077,22.394847367
7/1/2018,Pasar Minggu,1271035,19749,39.394847367
7/1/2018,Jagakarsa,1097200,17048,62.394847367
7/1/2018,Mampang Prapatan,1311903,20384,26.394847367
7/1/2018,Pancoran,1859988,28900,25.394847367
8/1/2018,Kalideres,697463,10837,5.352066161
8/1/2018,Cengkareng,401989,6246,3.352066161
8/1/2018,Tambora,4312,67,4.352066161
8/1/2018,Grogol Petamburan,252417,3922,4.352066161
8/1/2018,Taman Sari,34303,533,5.352066161
8/1/2018,Kebon Jeruk,942029,14637,10.352066161
8/1/2018,Kembangan,753842,11713,10.352066161
8/1/2018,Palmerah,671591,10435,9.352066161
8/1/2018,Menteng,916414,14239,10.391615491
8/1/2018,Tanah Abang,1425304,22146,10.391615491
8/1/2018,Sawah Besar,258274,4013,4.391615491
8/1/2018,Gambir,528906,8218,4.391615491
8/1/2018,Cempaka Putih,29991,466,6.391615491
8/1/2018,Johar Baru,1737,27,11.391615491
8/1/2018,Kemayoran,213609,3319,5.391615491
8/1/2018,Senen,94544,1469,10.391615491
8/1/2018,Kramat Jati,568680,8836,36.364437924
8/1/2018,Ciracas,361056,5610,52.364437924
8/1/2018,Cipayung,1445706,22463,73.364437924
8/1/2018,Makasar,2910914,45229,29.364437924
8/1/2018,Pasar Rebo,344580,5354,48.364437924
8/1/2018,Jatinegara,212257,3298,17.364437924
8/1/2018,Duren sawit,380300,5909,20.364437924
8/1/2018,Matraman,174414,2710,9.364437924
8/1/2018,Pulo Gadung,584319,9079,11.364437924
8/1/2018,Cakung,571383,8878,9.364437924
8/1/2018,Tanjung Priok,7465,116,4.389159601
8/1/2018,Cilincing,158903,2469,2.389159601
8/1/2018,Kelapa gading,4826,75,5.389159601
8/1/2018,Koja,330614,5137,5.389159601
8/1/2018,Pademangan,1043910,16220,4.389159601
8/1/2018,Penjaringan,1014369,15761,1.389159601
8/1/2018,Setiabudi,770769,11976,23.394847367
8/1/2018,Tebet,680665,10576,18.394847367
8/1/2018,Keb Baru,4767299,74073,20.394847367
8/1/2018,Keb Lama,2539496,39458,25.394847367
8/1/2018,Cilandak,277131,4306,38.394847367
8/1/2018,Pesanggrahan,3480367,54077,22.394847367
8/1/2018,Pasar Minggu,1271035,19749,39.394847367
8/1/2018,Jagakarsa,1097200,17048,62.394847367
8/1/2018,Mampang Prapatan,1311903,20384,26.394847367
8/1/2018,Pancoran,1859988,28900,25.394847367
9/1/2018,Kalideres,1258163,19549,5.352066161
9/1/2018,Cengkareng,917186,14251,3.352066161
9/1/2018,Tambora,579,9,4.352066161
9/1/2018,Grogol Petamburan,396647,6163,4.352066161
9/1/2018,Taman Sari,67641,1051,5.352066161
9/1/2018,Kebon Jeruk,1049316,16304,10.352066161
9/1/2018,Kembangan,997507,15499,10.352066161
9/1/2018,Palmerah,1073258,16676,9.352066161
9/1/2018,Menteng,2337793,36324,10.391615491
9/1/2018,Tanah Abang,3013889,46829,10.391615491
9/1/2018,Sawah Besar,450323,6997,4.391615491
9/1/2018,Gambir,680665,10576,4.391615491
9/1/2018,Cempaka Putih,66998,1041,6.391615491
9/1/2018,Johar Baru,2059,32,11.391615491
9/1/2018,Kemayoran,213416,3316,5.391615491
9/1/2018,Senen,203311,3159,10.391615491
9/1/2018,Kramat Jati,835772,12986,36.364437924
9/1/2018,Ciracas,553234,8596,52.364437924
9/1/2018,Cipayung,1571079,24411,73.364437924
9/1/2018,Makasar,3217137,49987,29.364437924
9/1/2018,Pasar Rebo,672620,10451,48.364437924
9/1/2018,Jatinegara,365819,5684,17.364437924
9/1/2018,Duren sawit,157165,2442,20.364437924
9/1/2018,Matraman,125179,1945,9.364437924
9/1/2018,Pulo Gadung,489646,7608,11.364437924
9/1/2018,Cakung,752555,11693,9.364437924
9/1/2018,Tanjung Priok,7272,113,4.389159601
9/1/2018,Cilincing,158903,2469,2.389159601
9/1/2018,Kelapa gading,4826,75,5.389159601
9/1/2018,Koja,315168,4897,5.389159601
9/1/2018,Pademangan,390983,6075,4.389159601
9/1/2018,Penjaringan,1151069,17885,1.389159601
9/1/2018,Setiabudi,4319357,67113,23.394847367
9/1/2018,Tebet,981803,15255,18.394847367
9/1/2018,Keb Baru,1004458,15607,20.394847367
9/1/2018,Keb Lama,5272457,81922,25.394847367
9/1/2018,Cilandak,3770435,58584,38.394847367
9/1/2018,Pesanggrahan,481087,7475,22.394847367
9/1/2018,Pasar Minggu,3821601,59379,39.394847367
9/1/2018,Jagakarsa,2036012,31635,62.394847367
9/1/2018,Mampang Prapatan,1363262,21182,26.394847367
9/1/2018,Pancoran,1972038,30641,25.394847367
10/1/2018,Kalideres,1258163,19549,5.352066161
10/1/2018,Cengkareng,995061,15461,3.352066161
10/1/2018,Tambora,257,4,4.352066161
10/1/2018,Grogol Petamburan,377532,5866,4.352066161
10/1/2018,Taman Sari,42670,663,5.352066161
10/1/2018,Kebon Jeruk,1272193,19767,10.352066161
10/1/2018,Kembangan,919439,14286,10.352066161
10/1/2018,Palmerah,734277,11409,9.352066161
10/1/2018,Menteng,1570821,24407,10.391615491
10/1/2018,Tanah Abang,2635263,40946,10.391615491
10/1/2018,Sawah Besar,348442,5414,4.391615491
10/1/2018,Gambir,584577,9083,4.391615491
10/1/2018,Cempaka Putih,59468,924,6.391615491
10/1/2018,Johar Baru,2767,43,11.391615491
10/1/2018,Kemayoran,238902,3712,5.391615491
10/1/2018,Senen,496340,7712,10.391615491
10/1/2018,Kramat Jati,605944,9415,36.364437924
10/1/2018,Ciracas,569130,8843,52.364437924
10/1/2018,Cipayung,865763,13452,73.364437924
10/1/2018,Makasar,2859877,44436,29.364437924
10/1/2018,Pasar Rebo,117713,1829,48.364437924
10/1/2018,Jatinegara,155299,2413,17.364437924
10/1/2018,Duren sawit,160383,2492,20.364437924
10/1/2018,Matraman,85598,1330,9.364437924
10/1/2018,Pulo Gadung,489260,7602,11.364437924
10/1/2018,Cakung,585027,9090,9.364437924
10/1/2018,Tanjung Priok,5470,85,4.389159601
10/1/2018,Cilincing,7401,115,2.389159601
10/1/2018,Kelapa gading,172676,2683,5.389159601
10/1/2018,Koja,9203,143,5.389159601
10/1/2018,Pademangan,407073,6325,4.389159601
10/1/2018,Penjaringan,1332498,20704,1.389159601
10/1/2018,Setiabudi,1424790,22138,23.394847367
10/1/2018,Tebet,982769,15270,18.394847367
10/1/2018,Keb Baru,1273159,19782,20.394847367
10/1/2018,Keb Lama,4739624,73643,25.394847367
10/1/2018,Cilandak,4686528,72818,38.394847367
10/1/2018,Pesanggrahan,436035,6775,22.394847367
10/1/2018,Pasar Minggu,3993827,62055,39.394847367
10/1/2018,Jagakarsa,1644255,25548,62.394847367
10/1/2018,Mampang Prapatan,1426399,22163,26.394847367
10/1/2018,Pancoran,1922417,29870,25.394847367
11/1/2018,Kalideres,1084392,16849,5.352066161
11/1/2018,Cengkareng,1371693,21313,3.352066161
11/1/2018,Tambora,1287,20,4.352066161
11/1/2018,Grogol Petamburan,460813,7160,4.352066161
11/1/2018,Taman Sari,385770,5994,5.352066161
11/1/2018,Kebon Jeruk,1359336,21121,10.352066161
11/1/2018,Kembangan,959985,14916,10.352066161
11/1/2018,Palmerah,892859,13873,9.352066161
11/1/2018,Menteng,1562326,24275,10.391615491
11/1/2018,Tanah Abang,2628569,40842,10.391615491
11/1/2018,Sawah Besar,457724,7112,4.391615491
11/1/2018,Gambir,545832,8481,4.391615491
11/1/2018,Cempaka Putih,59918,931,6.391615491
11/1/2018,Johar Baru,6307,98,11.391615491
11/1/2018,Kemayoran,258403,4015,5.391615491
11/1/2018,Senen,375859,5840,10.391615491
11/1/2018,Kramat Jati,591077,9184,36.364437924
11/1/2018,Ciracas,488102,7584,52.364437924
11/1/2018,Cipayung,1059936,16469,73.364437924
11/1/2018,Makasar,2713138,42156,29.364437924
11/1/2018,Pasar Rebo,107287,1667,48.364437924
11/1/2018,Jatinegara,144873,2251,17.364437924
11/1/2018,Duren sawit,185741,2886,20.364437924
11/1/2018,Matraman,238773,3710,9.364437924
11/1/2018,Pulo Gadung,578269,8985,11.364437924
11/1/2018,Cakung,828756,12877,9.364437924
11/1/2018,Tanjung Priok,5470,85,4.389159601
11/1/2018,Cilincing,7079,110,2.389159601
11/1/2018,Kelapa gading,172676,2683,5.389159601
11/1/2018,Koja,8881,138,5.389159601
11/1/2018,Pademangan,338080,5253,4.389159601
11/1/2018,Penjaringan,1035286,16086,1.389159601
11/1/2018,Setiabudi,1609180,25003,23.394847367
11/1/2018,Tebet,1232226,19146,18.394847367
11/1/2018,Keb Baru,1477371,22955,20.394847367
11/1/2018,Keb Lama,5367322,83396,25.394847367
11/1/2018,Cilandak,6686434,103892,38.394847367
11/1/2018,Pesanggrahan,481988,7489,22.394847367
11/1/2018,Pasar Minggu,3572723,55512,39.394847367
11/1/2018,Jagakarsa,1532527,23812,62.394847367
11/1/2018,Mampang Prapatan,2030798,31554,26.394847367
11/1/2018,Pancoran,2552689,39663,25.394847367
12/1/2018,Kalideres,1060644,16480,5.352066161
12/1/2018,Cengkareng,1131825,17586,3.352066161
12/1/2018,Tambora,1222,19,4.352066161
12/1/2018,Grogol Petamburan,480507,7466,4.352066161
12/1/2018,Taman Sari,100980,1569,5.352066161
12/1/2018,Kebon Jeruk,1271228,19752,10.352066161
12/1/2018,Kembangan,922914,14340,10.352066161
12/1/2018,Palmerah,1000146,15540,9.352066161
12/1/2018,Menteng,1338741,20801,10.391615491
12/1/2018,Tanah Abang,1869642,29050,10.391615491
12/1/2018,Sawah Besar,241541,3753,4.391615491
12/1/2018,Gambir,665283,10337,4.391615491
12/1/2018,Cempaka Putih,89588,1392,6.391615491
12/1/2018,Johar Baru,42670,663,11.391615491
12/1/2018,Kemayoran,278161,4322,5.391615491
12/1/2018,Senen,367299,5707,10.391615491
12/1/2018,Kramat Jati,633425,9842,36.364437924
12/1/2018,Ciracas,681566,10590,52.364437924
12/1/2018,Cipayung,703449,10930,73.364437924
12/1/2018,Makasar,2685914,41733,29.364437924
12/1/2018,Pasar Rebo,99242,1542,48.364437924
12/1/2018,Jatinegara,159354,2476,17.364437924
12/1/2018,Duren sawit,140818,2188,20.364437924
12/1/2018,Matraman,178340,2771,9.364437924
12/1/2018,Pulo Gadung,414668,6443,11.364437924
12/1/2018,Cakung,625059,9712,9.364437924
12/1/2018,Tanjung Priok,5470,85,4.389159601
12/1/2018,Cilincing,7336,114,2.389159601
12/1/2018,Kelapa gading,172676,2683,5.389159601
12/1/2018,Koja,9203,143,5.389159601
12/1/2018,Pademangan,276552,4297,4.389159601
12/1/2018,Penjaringan,1316666,20458,1.389159601
12/1/2018,Setiabudi,1738606,27014,23.394847367
12/1/2018,Tebet,1165421,18108,18.394847367
12/1/2018,Keb Baru,1205710,18734,20.394847367
12/1/2018,Keb Lama,4736857,73600,25.394847367
12/1/2018,Cilandak,9062393,140809,38.394847367
12/1/2018,Pesanggrahan,499107,7755,22.394847367
12/1/2018,Pasar Minggu,3382154,52551,39.394847367
12/1/2018,Jagakarsa,1564643,24311,62.394847367
12/1/2018,Mampang Prapatan,1741052,27052,26.394847367
12/1/2018,Pancoran,1461668,22711,25.394847367
1/1/2019,Kalideres,1136588,17660,5.234710774
1/1/2019,Cengkareng,1402779,21796,3.234710774
1/1/2019,Tambora,965,15,4.234710774
1/1/2019,Grogol Petamburan,306608,4764,4.234710774
1/1/2019,Taman Sari,147769,2296,5.234710774
1/1/2019,Kebon Jeruk,1050732,16326,10.234710774
1/1/2019,Kembangan,1010701,15704,10.234710774
1/1/2019,Palmerah,1070426,16632,9.234710774
1/1/2019,Menteng,1496615,23254,10.261076994
1/1/2019,Tanah Abang,2058344,31982,10.261076994
1/1/2019,Sawah Besar,292771,4549,4.261076994
1/1/2019,Gambir,519831,8077,4.261076994
1/1/2019,Cempaka Putih,60369,938,6.261076994
1/1/2019,Johar Baru,13064,203,11.261076994
1/1/2019,Kemayoran,281186,4369,5.261076994
1/1/2019,Senen,337114,5238,10.261076994
1/1/2019,Kramat Jati,621841,9662,36.242958616
1/1/2019,Ciracas,831910,12926,52.242958616
1/1/2019,Cipayung,1189105,18476,73.242958616
1/1/2019,Makasar,2835614,44059,29.242958616
1/1/2019,Pasar Rebo,118614,1843,48.242958616
1/1/2019,Jatinegara,200544,3116,17.242958616
1/1/2019,Duren sawit,170423,2648,20.242958616
1/1/2019,Matraman,126402,1964,9.242958616
1/1/2019,Pulo Gadung,443565,6892,11.242958616
1/1/2019,Cakung,601117,9340,9.242958616
1/1/2019,Tanjung Priok,128,2,4.259439734
1/1/2019,Cilincing,6242,97,2.259439734
1/1/2019,Kelapa gading,333253,5178,5.259439734
1/1/2019,Koja,7851,122,5.259439734
1/1/2019,Pademangan,194236,3018,4.259439734
1/1/2019,Penjaringan,1085100,16860,1.259439734
1/1/2019,Setiabudi,1579960,24549,23.263231578
1/1/2019,Tebet,736851,11449,18.263231578
1/1/2019,Keb Baru,906310,14082,20.263231578
1/1/2019,Keb Lama,3266822,50759,25.263231578
1/1/2019,Cilandak,5104607,79314,38.263231578
1/1/2019,Pesanggrahan,41640,647,22.263231578
1/1/2019,Pasar Minggu,3295527,51205,39.263231578
1/1/2019,Jagakarsa,2036012,31635,62.263231578
1/1/2019,Mampang Prapatan,1606605,24963,26.263231578
1/1/2019,Pancoran,1567475,24355,25.263231578
2/1/2019,Kalideres,1078343,16755,5.234710774
2/1/2019,Cengkareng,1084328,16848,3.234710774
2/1/2019,Tambora,128,2,4.234710774
2/1/2019,Grogol Petamburan,548921,8529,4.234710774
2/1/2019,Taman Sari,62686,974,5.234710774
2/1/2019,Kebon Jeruk,1073194,16675,10.234710774
2/1/2019,Kembangan,1015914,15785,10.234710774
2/1/2019,Palmerah,836801,13002,9.234710774
2/1/2019,Menteng,1212468,18839,10.261076994
2/1/2019,Tanah Abang,2392370,37172,10.261076994
2/1/2019,Sawah Besar,228283,3547,4.261076994
2/1/2019,Gambir,521504,8103,4.261076994
2/1/2019,Cempaka Putih,76072,1182,6.261076994
2/1/2019,Johar Baru,2896,45,11.261076994
2/1/2019,Kemayoran,304034,4724,5.261076994
2/1/2019,Senen,289553,4499,10.261076994
2/1/2019,Kramat Jati,525881,8171,36.242958616
2/1/2019,Ciracas,622806,9677,52.242958616
2/1/2019,Cipayung,992551,15422,73.242958616
2/1/2019,Makasar,1929432,29979,29.242958616
2/1/2019,Pasar Rebo,477225,7415,48.242958616
2/1/2019,Jatinegara,185805,2887,17.242958616
2/1/2019,Duren sawit,170488,2649,20.242958616
2/1/2019,Matraman,92098,1431,9.242958616
2/1/2019,Pulo Gadung,618237,9606,11.242958616
2/1/2019,Cakung,745540,11584,9.242958616
2/1/2019,Tanjung Priok,286077,4445,4.259439734
2/1/2019,Cilincing,5727,89,2.259439734
2/1/2019,Kelapa gading,24971,388,5.259439734
2/1/2019,Koja,7143,111,5.259439734
2/1/2019,Pademangan,216698,3367,4.259439734
2/1/2019,Penjaringan,1015013,15771,1.259439734
2/1/2019,Setiabudi,1253207,19472,23.263231578
2/1/2019,Tebet,836801,13002,18.263231578
2/1/2019,Keb Baru,736851,11449,20.263231578
2/1/2019,Keb Lama,4959348,77057,25.263231578
2/1/2019,Cilandak,6106041,94874,38.263231578
2/1/2019,Pesanggrahan,426832,6632,22.263231578
2/1/2019,Pasar Minggu,3447093,53560,39.263231578
2/1/2019,Jagakarsa,1843255,28640,62.263231578
2/1/2019,Mampang Prapatan,1678623,26082,26.263231578
2/1/2019,Pancoran,1655647,25725,25.263231578
3/1/2019,Kalideres,1150490,17876,5.234710774
3/1/2019,Cengkareng,943509,14660,3.234710774
3/1/2019,Tambora,9782,152,4.234710774
3/1/2019,Grogol Petamburan,364403,5662,4.234710774
3/1/2019,Taman Sari,141140,2193,5.234710774
3/1/2019,Kebon Jeruk,1034642,16076,10.234710774
3/1/2019,Kembangan,943445,14659,10.234710774
3/1/2019,Palmerah,665798,10345,9.234710774
3/1/2019,Menteng,1299224,20187,10.261076994
3/1/2019,Tanah Abang,2174835,33792,10.261076994
3/1/2019,Sawah Besar,228991,3558,4.261076994
3/1/2019,Gambir,437322,6795,4.261076994
3/1/2019,Cempaka Putih,47432,737,6.261076994
3/1/2019,Johar Baru,5148,80,11.261076994
3/1/2019,Kemayoran,336020,5221,5.261076994
3/1/2019,Senen,1101576,17116,10.261076994
3/1/2019,Kramat Jati,487458,7574,36.242958616
3/1/2019,Ciracas,518415,8055,52.242958616
3/1/2019,Cipayung,781130,12137,73.242958616
3/1/2019,Makasar,2410648,37456,29.242958616
3/1/2019,Pasar Rebo,106643,1657,48.242958616
3/1/2019,Jatinegara,167913,2609,17.242958616
3/1/2019,Duren sawit,137793,2141,20.242958616
3/1/2019,Matraman,227961,3542,9.242958616
3/1/2019,Pulo Gadung,549951,8545,11.242958616
3/1/2019,Cakung,998601,15516,9.242958616
3/1/2019,Tanjung Priok,6435,100,4.259439734
3/1/2019,Cilincing,6307,98,2.259439734
3/1/2019,Kelapa gading,30699,477,5.259439734
3/1/2019,Koja,7916,123,5.259439734
3/1/2019,Pademangan,191147,2970,4.259439734
3/1/2019,Penjaringan,1103765,17150,1.259439734
3/1/2019,Setiabudi,1045970,16252,23.263231578
3/1/2019,Tebet,1019389,15839,18.263231578
3/1/2019,Keb Baru,1039212,16147,20.263231578
3/1/2019,Keb Lama,6816698,105916,25.263231578
3/1/2019,Cilandak,3718754,57781,38.263231578
3/1/2019,Pesanggrahan,411063,6387,22.263231578
3/1/2019,Pasar Minggu,3803323,59095,39.263231578
3/1/2019,Jagakarsa,1779089,27643,62.263231578
3/1/2019,Mampang Prapatan,1429938,22218,26.263231578
3/1/2019,Pancoran,1325161,20590,25.263231578
4/1/2019,Kalideres,1241623,19292,5.234710774
4/1/2019,Cengkareng,1056074,16409,3.234710774
4/1/2019,Tambora,128,2,4.234710774
4/1/2019,Grogol Petamburan,388280,6033,4.234710774
4/1/2019,Taman Sari,102975,1600,5.234710774
4/1/2019,Kebon Jeruk,1105631,17179,10.234710774
4/1/2019,Kembangan,1031553,16028,10.234710774
4/1/2019,Palmerah,779071,12105,9.234710774
4/1/2019,Menteng,3101097,48184,10.261076994
4/1/2019,Tanah Abang,1754053,27254,10.261076994
4/1/2019,Sawah Besar,298949,4645,4.261076994
4/1/2019,Gambir,493958,7675,4.261076994
4/1/2019,Cempaka Putih,77553,1205,6.261076994
4/1/2019,Johar Baru,18406,286,11.261076994
4/1/2019,Kemayoran,560506,8709,5.261076994
4/1/2019,Senen,481795,7486,10.261076994
4/1/2019,Kramat Jati,482824,7502,36.242958616
4/1/2019,Ciracas,582710,9054,52.242958616
4/1/2019,Cipayung,806038,12524,73.242958616
4/1/2019,Makasar,2749308,42718,29.242958616
4/1/2019,Pasar Rebo,91519,1422,48.242958616
4/1/2019,Jatinegara,172676,2683,17.242958616
4/1/2019,Duren sawit,192949,2998,20.242958616
4/1/2019,Matraman,214381,3331,9.242958616
4/1/2019,Pulo Gadung,643015,9991,11.242958616
4/1/2019,Cakung,903671,14041,9.242958616
4/1/2019,Tanjung Priok,6242,97,4.259439734
4/1/2019,Cilincing,6114,95,2.259439734
4/1/2019,Kelapa gading,123441,1918,5.259439734
4/1/2019,Koja,46145,717,5.259439734
4/1/2019,Pademangan,151437,2353,4.259439734
4/1/2019,Penjaringan,1194125,18554,1.259439734
4/1/2019,Setiabudi,1381669,21468,23.263231578
4/1/2019,Tebet,1146885,17820,18.263231578
4/1/2019,Keb Baru,919503,14287,20.263231578
4/1/2019,Keb Lama,6497990,100964,25.263231578
4/1/2019,Cilandak,3754538,58337,38.263231578
4/1/2019,Pesanggrahan,519960,8079,22.263231578
4/1/2019,Pasar Minggu,3832993,59556,39.263231578
4/1/2019,Jagakarsa,1830190,28437,62.263231578
4/1/2019,Mampang Prapatan,1549003,24068,26.263231578
4/1/2019,Pancoran,1940438,30150,25.263231578
5/1/2019,Kalideres,1446672,22478,5.234710774
5/1/2019,Cengkareng,792393,12312,3.234710774
5/1/2019,Tambora,193,3,4.234710774
5/1/2019,Grogol Petamburan,325465,5057,4.234710774
5/1/2019,Taman Sari,110827,1722,5.234710774
5/1/2019,Kebon Jeruk,1076991,16734,10.234710774
5/1/2019,Kembangan,973887,15132,10.234710774
5/1/2019,Palmerah,938168,14577,9.234710774
5/1/2019,Menteng,3818383,59329,10.261076994
5/1/2019,Tanah Abang,1711511,26593,10.261076994
5/1/2019,Sawah Besar,301137,4679,4.261076994
5/1/2019,Gambir,505608,7856,4.261076994
5/1/2019,Cempaka Putih,37006,575,6.261076994
5/1/2019,Johar Baru,11134,173,11.261076994
5/1/2019,Kemayoran,327396,5087,5.261076994
5/1/2019,Senen,447684,6956,10.261076994
5/1/2019,Kramat Jati,464353,7215,36.242958616
5/1/2019,Ciracas,1018295,15822,52.242958616
5/1/2019,Cipayung,723979,11249,73.242958616
5/1/2019,Makasar,2785928,43287,29.242958616
5/1/2019,Pasar Rebo,297984,4630,48.242958616
5/1/2019,Jatinegara,197841,3074,17.242958616
5/1/2019,Duren sawit,172805,2685,20.242958616
5/1/2019,Matraman,105485,1639,9.242958616
5/1/2019,Pulo Gadung,427411,6641,11.242958616
5/1/2019,Cakung,579492,9004,9.242958616
5/1/2019,Tanjung Priok,3925,61,4.259439734
5/1/2019,Cilincing,6371,99,2.259439734
5/1/2019,Kelapa gading,96861,1505,5.259439734
5/1/2019,Koja,9139,142,5.259439734
5/1/2019,Pademangan,257952,4008,4.259439734
5/1/2019,Penjaringan,983284,15278,1.259439734
5/1/2019,Setiabudi,1571658,24420,23.263231578
5/1/2019,Tebet,1118117,17373,18.263231578
5/1/2019,Keb Baru,1167931,18147,20.263231578
5/1/2019,Keb Lama,4035274,62699,25.263231578
5/1/2019,Cilandak,2216733,34443,38.263231578
5/1/2019,Pesanggrahan,486622,7561,22.263231578
5/1/2019,Pasar Minggu,3724804,57875,39.263231578
5/1/2019,Jagakarsa,1966375,30553,62.263231578
5/1/2019,Mampang Prapatan,1356890,21083,26.263231578
5/1/2019,Pancoran,1345499,20906,25.263231578
6/1/2019,Kalideres,1136588,17660,5.234710774
6/1/2019,Cengkareng,911458,14162,3.234710774
6/1/2019,Tambora,9396,146,4.234710774
6/1/2019,Grogol Petamburan,375988,5842,4.234710774
6/1/2019,Taman Sari,138694,2155,5.234710774
6/1/2019,Kebon Jeruk,1007161,15649,10.234710774
6/1/2019,Kembangan,996220,15479,10.234710774
6/1/2019,Palmerah,2088078,32444,9.234710774
6/1/2019,Menteng,4312535,67007,10.261076994
6/1/2019,Tanah Abang,2035111,31621,10.261076994
6/1/2019,Sawah Besar,218500,3395,4.261076994
6/1/2019,Gambir,787888,12242,4.261076994
6/1/2019,Cempaka Putih,141912,2205,6.261076994
6/1/2019,Johar Baru,11906,185,11.261076994
6/1/2019,Kemayoran,226030,3512,5.261076994
6/1/2019,Senen,381265,5924,10.261076994
6/1/2019,Kramat Jati,476581,7405,36.242958616
6/1/2019,Ciracas,1012503,15732,52.242958616
6/1/2019,Cipayung,716320,11130,73.242958616
6/1/2019,Makasar,2692285,41832,29.242958616
6/1/2019,Pasar Rebo,290904,4520,48.242958616
6/1/2019,Jatinegara,182394,2834,17.242958616
6/1/2019,Duren sawit,172805,2685,20.242958616
6/1/2019,Matraman,105485,1639,9.242958616
6/1/2019,Pulo Gadung,556130,8641,11.242958616
6/1/2019,Cakung,1133756,17616,9.242958616
6/1/2019,Tanjung Priok,2574,40,4.259439734
6/1/2019,Cilincing,6049,94,2.259439734
6/1/2019,Kelapa gading,84825,1318,5.259439734
6/1/2019,Koja,9653,150,5.259439734
6/1/2019,Pademangan,262522,4079,4.259439734
6/1/2019,Penjaringan,1058906,16453,1.259439734
6/1/2019,Setiabudi,1860889,28914,23.263231578
6/1/2019,Tebet,1824784,28353,18.263231578
6/1/2019,Keb Baru,1257648,19541,20.263231578
6/1/2019,Keb Lama,13950431,216758,25.263231578
6/1/2019,Cilandak,4331778,67306,38.263231578
6/1/2019,Pesanggrahan,471433,7325,22.263231578
6/1/2019,Pasar Minggu,3753766,58325,39.263231578
6/1/2019,Jagakarsa,1923382,29885,62.263231578
6/1/2019,Mampang Prapatan,1412497,21947,26.263231578
6/1/2019,Pancoran,2027387,31501,25.263231578
7/1/2019,Kalideres,1060837,16483,5.234710774
7/1/2019,Cengkareng,795161,12355,3.234710774
7/1/2019,Tambora,64,1,4.234710774
7/1/2019,Grogol Petamburan,516742,8029,4.234710774
7/1/2019,Taman Sari,107995,1678,5.234710774
7/1/2019,Kebon Jeruk,969832,15069,10.234710774
7/1/2019,Kembangan,851089,13224,10.234710774
7/1/2019,Palmerah,1205002,18723,9.234710774
7/1/2019,Menteng,2454026,38130,10.261076994
7/1/2019,Tanah Abang,1519076,23603,10.261076994
7/1/2019,Sawah Besar,454635,7064,4.261076994
7/1/2019,Gambir,818909,12724,4.261076994
7/1/2019,Cempaka Putih,84890,1319,6.261076994
7/1/2019,Johar Baru,10683,166,11.261076994
7/1/2019,Kemayoran,219337,3408,5.261076994
7/1/2019,Senen,323277,5023,10.261076994
7/1/2019,Kramat Jati,492929,7659,36.242958616
7/1/2019,Ciracas,1022929,15894,52.242958616
7/1/2019,Cipayung,1251212,19441,73.242958616
7/1/2019,Makasar,2777433,43155,29.242958616
7/1/2019,Pasar Rebo,195845,3043,48.242958616
7/1/2019,Jatinegara,179434,2788,17.242958616
7/1/2019,Duren sawit,157552,2448,20.242958616
7/1/2019,Matraman,132130,2053,9.242958616
7/1/2019,Pulo Gadung,393815,6119,11.242958616
7/1/2019,Cakung,1240271,19271,9.242958616
7/1/2019,Tanjung Priok,4826,75,4.259439734
7/1/2019,Cilincing,6371,99,2.259439734
7/1/2019,Kelapa gading,102267,1589,5.259439734
7/1/2019,Koja,9010,140,5.259439734
7/1/2019,Pademangan,97375,1513,4.259439734
7/1/2019,Penjaringan,925875,14386,1.259439734
7/1/2019,Setiabudi,2129268,33084,23.263231578
7/1/2019,Tebet,1728245,26853,18.263231578
7/1/2019,Keb Baru,1456004,22623,20.263231578
7/1/2019,Keb Lama,3953538,61429,25.263231578
7/1/2019,Cilandak,3334271,51807,38.263231578
7/1/2019,Pesanggrahan,369230,5737,22.263231578
7/1/2019,Pasar Minggu,2573799,39991,39.263231578
7/1/2019,Jagakarsa,1732750,26923,62.263231578
7/1/2019,Mampang Prapatan,1406125,21848,26.263231578
7/1/2019,Pancoran,1506269,23404,25.263231578
8/1/2019,Kalideres,1296071,20138,5.234710774
8/1/2019,Cengkareng,1087482,16897,3.234710774
8/1/2019,Tambora,8173,127,4.234710774
8/1/2019,Grogol Petamburan,579106,8998,4.234710774
8/1/2019,Taman Sari,136055,2114,5.234710774
8/1/2019,Kebon Jeruk,1164906,18100,10.234710774
8/1/2019,Kembangan,1159822,18021,10.234710774
8/1/2019,Palmerah,1583436,24603,9.234710774
8/1/2019,Menteng,3131474,48656,10.261076994
8/1/2019,Tanah Abang,2637451,40980,10.261076994
8/1/2019,Sawah Besar,237357,3688,4.261076994
8/1/2019,Gambir,1144182,17778,4.261076994
8/1/2019,Cempaka Putih,112242,1744,6.261076994
8/1/2019,Johar Baru,19243,299,11.261076994
8/1/2019,Kemayoran,385127,5984,5.261076994
8/1/2019,Senen,566492,8802,10.261076994
8/1/2019,Kramat Jati,618687,9613,36.242958616
8/1/2019,Ciracas,1091150,16954,52.242958616
8/1/2019,Cipayung,1128672,17537,73.242958616
8/1/2019,Makasar,2203861,34243,29.242958616
8/1/2019,Pasar Rebo,200286,3112,48.242958616
8/1/2019,Jatinegara,213737,3321,17.242958616
8/1/2019,Duren sawit,157552,2448,20.242958616
8/1/2019,Matraman,132130,2053,9.242958616
8/1/2019,Pulo Gadung,393815,6119,11.242958616
8/1/2019,Cakung,1448538,22507,9.242958616
8/1/2019,Tanjung Priok,4505,70,4.259439734
8/1/2019,Cilincing,6371,99,2.259439734
8/1/2019,Kelapa gading,56057,871,5.259439734
8/1/2019,Koja,5148,80,5.259439734
8/1/2019,Pademangan,163022,2533,4.259439734
8/1/2019,Penjaringan,965199,14997,1.259439734
8/1/2019,Setiabudi,2262686,35157,23.263231578
8/1/2019,Tebet,1897188,29478,18.263231578
8/1/2019,Keb Baru,1777801,27623,20.263231578
8/1/2019,Keb Lama,3442974,53496,25.263231578
8/1/2019,Cilandak,4486306,69707,38.263231578
8/1/2019,Pesanggrahan,548471,8522,22.263231578
8/1/2019,Pasar Minggu,4069514,63231,39.263231578
8/1/2019,Jagakarsa,1649211,25625,62.263231578
8/1/2019,Mampang Prapatan,1983237,30815,26.263231578
8/1/2019,Pancoran,2308896,35875,25.263231578
9/1/2019,Kalideres,1394927,21674,5.234710774
9/1/2019,Cengkareng,811701,12612,3.234710774
9/1/2019,Tambora,5599,87,4.234710774
9/1/2019,Grogol Petamburan,562823,8745,4.234710774
9/1/2019,Taman Sari,116168,1805,5.234710774
9/1/2019,Kebon Jeruk,1232097,19144,10.234710774
9/1/2019,Kembangan,1017458,15809,10.234710774
9/1/2019,Palmerah,1193803,18549,9.234710774
9/1/2019,Menteng,3096913,48119,10.261076994
9/1/2019,Tanah Abang,2451581,38092,10.261076994
9/1/2019,Sawah Besar,263938,4101,4.261076994
9/1/2019,Gambir,579685,9007,4.261076994
9/1/2019,Cempaka Putih,129233,2008,6.261076994
9/1/2019,Johar Baru,13451,209,11.261076994
9/1/2019,Kemayoran,261363,4061,5.261076994
9/1/2019,Senen,367428,5709,10.261076994
9/1/2019,Kramat Jati,343679,5340,36.242958616
9/1/2019,Ciracas,1026211,15945,52.242958616
9/1/2019,Cipayung,1182669,18376,73.242958616
9/1/2019,Makasar,1827101,28389,29.242958616
9/1/2019,Pasar Rebo,290583,4515,48.242958616
9/1/2019,Jatinegara,563917,8762,17.242958616
9/1/2019,Duren sawit,194172,3017,20.242958616
9/1/2019,Matraman,115525,1795,9.242958616
9/1/2019,Pulo Gadung,194172,3017,11.242958616
9/1/2019,Cakung,671655,10436,9.242958616
9/1/2019,Tanjung Priok,10941,170,4.259439734
9/1/2019,Cilincing,6242,97,2.259439734
9/1/2019,Kelapa gading,81800,1271,5.259439734
9/1/2019,Koja,5148,80,5.259439734
9/1/2019,Pademangan,234719,3647,4.259439734
9/1/2019,Penjaringan,1121335,17423,1.259439734
9/1/2019,Setiabudi,1829997,28434,23.263231578
9/1/2019,Tebet,1026919,15956,18.263231578
9/1/2019,Keb Baru,1924863,29908,20.263231578
9/1/2019,Keb Lama,3498774,54363,25.263231578
9/1/2019,Cilandak,3007003,46722,38.263231578
9/1/2019,Pesanggrahan,469695,7298,22.263231578
9/1/2019,Pasar Minggu,3640815,56570,39.263231578
9/1/2019,Jagakarsa,1988707,30900,62.263231578
9/1/2019,Mampang Prapatan,1824076,28342,26.263231578
9/1/2019,Pancoran,2525337,39238,25.263231578
10/1/2019,Kalideres,1055817,16405,5.234710774
10/1/2019,Cengkareng,1015978,15786,3.234710774
10/1/2019,Tambora,6371,99,4.234710774
10/1/2019,Grogol Petamburan,1463856,22745,4.234710774
10/1/2019,Taman Sari,1148173,17840,5.234710774
10/1/2019,Kebon Jeruk,655179,10180,10.234710774
10/1/2019,Kembangan,95123,1478,10.234710774
10/1/2019,Palmerah,1128092,17528,9.234710774
10/1/2019,Menteng,3523681,54750,10.261076994
10/1/2019,Tanah Abang,2508861,38982,10.261076994
10/1/2019,Sawah Besar,273205,4245,4.261076994
10/1/2019,Gambir,586121,9107,4.261076994
10/1/2019,Cempaka Putih,121832,1893,6.261076994
10/1/2019,Johar Baru,23169,360,11.261076994
10/1/2019,Kemayoran,700874,10890,5.261076994
10/1/2019,Senen,516291,8022,10.261076994
10/1/2019,Kramat Jati,657110,10210,36.242958616
10/1/2019,Ciracas,2086984,32427,52.242958616
10/1/2019,Cipayung,1275218,19814,73.242958616
10/1/2019,Makasar,1442746,22417,29.242958616
10/1/2019,Pasar Rebo,665670,10343,48.242958616
10/1/2019,Jatinegara,256086,3979,17.242958616
10/1/2019,Duren sawit,128397,1995,20.242958616
10/1/2019,Matraman,127045,1974,9.242958616
10/1/2019,Pulo Gadung,642114,9977,11.242958616
10/1/2019,Cakung,1249217,19410,9.242958616
10/1/2019,Tanjung Priok,6435,100,4.259439734
10/1/2019,Cilincing,6242,97,2.259439734
10/1/2019,Kelapa gading,537079,8345,5.259439734
10/1/2019,Koja,19307,300,5.259439734
10/1/2019,Pademangan,136184,2116,4.259439734
10/1/2019,Penjaringan,1116830,17353,1.259439734
10/1/2019,Setiabudi,1636275,25424,23.263231578
10/1/2019,Tebet,777269,12077,18.263231578
10/1/2019,Keb Baru,1590193,24708,20.263231578
10/1/2019,Keb Lama,4137413,64286,25.263231578
10/1/2019,Cilandak,5101067,79259,38.263231578
10/1/2019,Pesanggrahan,390533,6068,22.263231578
10/1/2019,Pasar Minggu,4012555,62346,39.263231578
10/1/2019,Jagakarsa,1858444,28876,62.263231578
10/1/2019,Mampang Prapatan,1917075,29787,26.263231578
10/1/2019,Pancoran,3336073,51835,25.263231578
11/1/2019,Kalideres,987982,15351,5.234710774
11/1/2019,Cengkareng,1163683,18081,3.234710774
11/1/2019,Tambora,4505,70,4.234710774
11/1/2019,Grogol Petamburan,1506011,23400,4.234710774
11/1/2019,Taman Sari,1275604,19820,5.234710774
11/1/2019,Kebon Jeruk,649194,10087,10.234710774
11/1/2019,Kembangan,103361,1606,10.234710774
11/1/2019,Palmerah,1090635,16946,9.234710774
11/1/2019,Menteng,2619044,40694,10.261076994
11/1/2019,Tanah Abang,1782628,27698,10.261076994
11/1/2019,Sawah Besar,273913,4256,4.261076994
11/1/2019,Gambir,587923,9135,4.261076994
11/1/2019,Cempaka Putih,122926,1910,6.261076994
11/1/2019,Johar Baru,20208,314,11.261076994
11/1/2019,Kemayoran,500073,7770,5.261076994
11/1/2019,Senen,462809,7191,10.261076994
11/1/2019,Kramat Jati,657110,10210,36.242958616
11/1/2019,Ciracas,2077330,32277,52.242958616
11/1/2019,Cipayung,1262346,19614,73.242958616
11/1/2019,Makasar,1442746,22417,29.242958616
11/1/2019,Pasar Rebo,672299,10446,48.242958616
11/1/2019,Jatinegara,256086,3979,17.242958616
11/1/2019,Duren sawit,220109,3420,20.242958616
11/1/2019,Matraman,111792,1737,9.242958616
11/1/2019,Pulo Gadung,646040,10038,11.242958616
11/1/2019,Cakung,1702179,26448,9.242958616
11/1/2019,Tanjung Priok,5792,90,4.259439734
11/1/2019,Cilincing,6307,98,2.259439734
11/1/2019,Kelapa gading,839891,13050,5.259439734
11/1/2019,Koja,7916,123,5.259439734
11/1/2019,Pademangan,196489,3053,4.259439734
11/1/2019,Penjaringan,1102220,17126,1.259439734
11/1/2019,Setiabudi,1938957,30127,23.263231578
11/1/2019,Tebet,756416,11753,18.263231578
11/1/2019,Keb Baru,1590193,24708,20.263231578
11/1/2019,Keb Lama,2835549,44058,25.263231578
11/1/2019,Cilandak,3052248,47425,38.263231578
11/1/2019,Pesanggrahan,584898,9088,22.263231578
11/1/2019,Pasar Minggu,4156206,64578,39.263231578
11/1/2019,Jagakarsa,1459544,22678,62.263231578
11/1/2019,Mampang Prapatan,2080548,32327,26.263231578
11/1/2019,Pancoran,2717772,42228,25.263231578
12/1/2019,Kalideres,1307655,20318,5.234710774
12/1/2019,Cengkareng,1093274,16987,3.234710774
12/1/2019,Tambora,4376,68,4.234710774
12/1/2019,Grogol Petamburan,484562,7529,4.234710774
12/1/2019,Taman Sari,116812,1815,5.234710774
12/1/2019,Kebon Jeruk,1290214,20047,10.234710774
12/1/2019,Kembangan,1230810,19124,10.234710774
12/1/2019,Palmerah,1088576,16914,9.234710774
12/1/2019,Menteng,3523681,54750,10.261076994
12/1/2019,Tanah Abang,2142655,33292,10.261076994
12/1/2019,Sawah Besar,263938,4101,4.261076994
12/1/2019,Gambir,579685,9007,4.261076994
12/1/2019,Cempaka Putih,104197,1619,6.261076994
12/1/2019,Johar Baru,4633,72,11.261076994
12/1/2019,Kemayoran,439703,6832,5.261076994
12/1/2019,Senen,485077,7537,10.261076994
12/1/2019,Kramat Jati,674422,10479,36.242958616
12/1/2019,Ciracas,1149074,17854,52.242958616
12/1/2019,Cipayung,1189234,18478,73.242958616
12/1/2019,Makasar,1469841,22838,29.242958616
12/1/2019,Pasar Rebo,335312,5210,48.242958616
12/1/2019,Jatinegara,246175,3825,17.242958616
12/1/2019,Duren sawit,220109,3420,20.242958616
12/1/2019,Matraman,111792,1737,9.242958616
12/1/2019,Pulo Gadung,646104,10039,11.242958616
12/1/2019,Cakung,1259064,19563,9.242958616
12/1/2019,Tanjung Priok,5792,90,4.259439734
12/1/2019,Cilincing,6500,101,2.259439734
12/1/2019,Kelapa gading,89781,1395,5.259439734
12/1/2019,Koja,8109,126,5.259439734
12/1/2019,Pademangan,136184,2116,4.259439734
12/1/2019,Penjaringan,1116830,17353,1.259439734
12/1/2019,Setiabudi,1900599,29531,23.263231578
12/1/2019,Tebet,877090,13628,18.263231578
12/1/2019,Keb Baru,1788099,27783,20.263231578
12/1/2019,Keb Lama,767808,11930,25.263231578
12/1/2019,Cilandak,3301126,51292,38.263231578
12/1/2019,Pesanggrahan,522985,8126,22.263231578
12/1/2019,Pasar Minggu,3590357,55786,39.263231578
12/1/2019,Jagakarsa,1637305,25440,62.263231578
12/1/2019,Mampang Prapatan,1747166,27147,26.263231578
12/1/2019,Pancoran,2021981,31417,25.263231578
1/1/2020,Kalideres,1029043,15989,5.117355387
1/1/2020,Cengkareng,953743,14819,3.117355387
1/1/2020,Tambora,4183,65,4.117355387
1/1/2020,Grogol Petamburan,364210,5659,4.117355387
1/1/2020,Taman Sari,110633,1719,5.117355387
1/1/2020,Kebon Jeruk,1496615,23254,10.117355387
1/1/2020,Kembangan,1040757,16171,10.117355387
1/1/2020,Palmerah,1190006,18490,9.117355387
1/1/2020,Menteng,2443150,37961,10.130538497
1/1/2020,Tanah Abang,1980727,30776,10.130538497
1/1/2020,Sawah Besar,834613,12968,4.130538497
1/1/2020,Gambir,547827,8512,4.130538497
1/1/2020,Cempaka Putih,26065,405,6.130538497
1/1/2020,Johar Baru,18599,289,11.130538497
1/1/2020,Kemayoran,9718,151,5.130538497
1/1/2020,Senen,22911,356,10.130538497
1/1/2020,Kramat Jati,727069,11297,36.121479308
1/1/2020,Ciracas,2083251,32369,52.121479308
1/1/2020,Cipayung,1014305,15760,73.121479308
1/1/2020,Makasar,1543533,23983,29.121479308
1/1/2020,Pasar Rebo,302811,4705,48.121479308
1/1/2020,Jatinegara,372255,5784,17.121479308
1/1/2020,Duren sawit,140368,2181,20.121479308
1/1/2020,Matraman,299529,4654,9.121479308
1/1/2020,Pulo Gadung,642114,9977,11.121479308
1/1/2020,Cakung,1259064,19563,9.121479308
1/1/2020,Tanjung Priok,5663,88,4.129719867
1/1/2020,Cilincing,5213,81,2.129719867
1/1/2020,Kelapa gading,161284,2506,5.129719867
1/1/2020,Koja,7015,109,5.129719867
1/1/2020,Pademangan,305836,4752,4.129719867
1/1/2020,Penjaringan,1061094,16487,1.129719867
1/1/2020,Setiabudi,1854518,28815,23.131615789
1/1/2020,Tebet,1083749,16839,18.131615789
1/1/2020,Keb Baru,2228318,34623,20.131615789
1/1/2020,Keb Lama,767808,11930,25.131615789
1/1/2020,Cilandak,3844384,59733,38.131615789
1/1/2020,Pesanggrahan,522985,8126,22.131615789
1/1/2020,Pasar Minggu,3590357,55786,39.131615789
1/1/2020,Jagakarsa,1637305,25440,62.131615789
1/1/2020,Mampang Prapatan,2168206,33689,26.131615789
1/1/2020,Pancoran,1596115,24800,25.131615789
2/1/2020,Kalideres,990942,15397,5.117355387
2/1/2020,Cengkareng,1091343,16957,3.117355387
2/1/2020,Tambora,7143,111,4.117355387
2/1/2020,Grogol Petamburan,474071,7366,4.117355387
2/1/2020,Taman Sari,120802,1877,5.117355387
2/1/2020,Kebon Jeruk,1207963,18769,10.117355387
2/1/2020,Kembangan,1304437,20268,10.117355387
2/1/2020,Palmerah,1525898,23709,9.117355387
2/1/2020,Menteng,1771752,27529,10.130538497
2/1/2020,Tanah Abang,1841839,28618,10.130538497
2/1/2020,Sawah Besar,596547,9269,4.130538497
2/1/2020,Gambir,435778,6771,4.130538497
2/1/2020,Cempaka Putih,123956,1926,6.130538497
2/1/2020,Johar Baru,8366,130,11.130538497
2/1/2020,Kemayoran,354813,5513,5.130538497
2/1/2020,Senen,1820665,28289,10.130538497
2/1/2020,Kramat Jati,530579,8244,36.121479308
2/1/2020,Ciracas,779264,12108,52.121479308
2/1/2020,Cipayung,765041,11887,73.121479308
2/1/2020,Makasar,1950478,30306,29.121479308
2/1/2020,Pasar Rebo,83924,1304,48.121479308
2/1/2020,Jatinegara,225000,3496,17.121479308
2/1/2020,Duren sawit,142620,2216,20.121479308
2/1/2020,Matraman,163408,2539,9.121479308
2/1/2020,Pulo Gadung,318450,4948,11.121479308
2/1/2020,Cakung,981353,15248,9.121479308
2/1/2020,Tanjung Priok,321,5,4.129719867
2/1/2020,Cilincing,5148,80,2.129719867
2/1/2020,Kelapa gading,165854,2577,5.129719867
2/1/2020,Koja,7015,109,5.129719867
2/1/2020,Pademangan,305836,4752,4.129719867
2/1/2020,Penjaringan,1061094,16487,1.129719867
2/1/2020,Setiabudi,1502858,23351,23.131615789
2/1/2020,Tebet,631816,9817,18.131615789
2/1/2020,Keb Baru,1291244,20063,20.131615789
2/1/2020,Keb Lama,2550952,39636,25.131615789
2/1/2020,Cilandak,2244214,34870,38.131615789
2/1/2020,Pesanggrahan,459140,7134,22.131615789
2/1/2020,Pasar Minggu,2645110,41099,39.131615789
2/1/2020,Jagakarsa,1487669,23115,62.131615789
2/1/2020,Mampang Prapatan,1258227,19550,26.131615789
2/1/2020,Pancoran,1564321,24306,25.131615789
3/1/2020,Kalideres,970927,15086,5.117355387
3/1/2020,Cengkareng,813375,12638,3.117355387
3/1/2020,Tambora,6371,99,4.117355387
3/1/2020,Grogol Petamburan,392528,6099,4.117355387
3/1/2020,Taman Sari,93643,1455,5.117355387
3/1/2020,Kebon Jeruk,1205517,18731,10.117355387
3/1/2020,Kembangan,949945,14760,10.117355387
3/1/2020,Palmerah,1086323,16879,9.117355387
3/1/2020,Menteng,666764,10360,10.130538497
3/1/2020,Tanah Abang,1982078,30797,10.130538497
3/1/2020,Sawah Besar,120159,1867,4.130538497
3/1/2020,Gambir,326753,5077,4.130538497
3/1/2020,Cempaka Putih,5693561,88465,6.130538497
3/1/2020,Johar Baru,6178,96,11.130538497
3/1/2020,Kemayoran,393236,6110,5.130538497
3/1/2020,Senen,722048,11219,10.130538497
3/1/2020,Kramat Jati,1125775,17492,36.121479308
3/1/2020,Ciracas,1122879,17447,52.121479308
3/1/2020,Cipayung,1012567,15733,73.121479308
3/1/2020,Makasar,3876950,60239,29.121479308
3/1/2020,Pasar Rebo,83345,1295,48.121479308
3/1/2020,Jatinegara,66676,1036,17.121479308
3/1/2020,Duren sawit,281637,4376,20.121479308
3/1/2020,Matraman,134961,2097,9.121479308
3/1/2020,Pulo Gadung,605751,9412,11.121479308
3/1/2020,Cakung,981353,15248,9.121479308
3/1/2020,Tanjung Priok,321,5,4.129719867
3/1/2020,Cilincing,5148,80,2.129719867
3/1/2020,Kelapa gading,894210,13894,5.129719867
3/1/2020,Koja,6950,108,5.129719867
3/1/2020,Pademangan,114366,1777,4.129719867
3/1/2020,Penjaringan,889962,13828,1.129719867
3/1/2020,Setiabudi,1497387,23266,23.131615789
3/1/2020,Tebet,1085551,16867,18.131615789
3/1/2020,Keb Baru,1285837,19979,20.131615789
3/1/2020,Keb Lama,708340,11006,25.131615789
3/1/2020,Cilandak,1314220,20420,38.131615789
3/1/2020,Pesanggrahan,378240,5877,22.131615789
3/1/2020,Pasar Minggu,2170137,33719,39.131615789
3/1/2020,Jagakarsa,1138519,17690,62.131615789
3/1/2020,Mampang Prapatan,1504531,23377,26.131615789
3/1/2020,Pancoran,1517467,23578,25.131615789
4/1/2020,Kalideres,884363,13741,5.117355387
4/1/2020,Cengkareng,763689,11866,3.117355387
4/1/2020,Tambora,8945,139,4.117355387
4/1/2020,Grogol Petamburan,160319,2491,4.117355387
4/1/2020,Taman Sari,87593,1361,5.117355387
4/1/2020,Kebon Jeruk,862095,13395,10.117355387
4/1/2020,Kembangan,988432,15358,10.117355387
4/1/2020,Palmerah,1149395,17859,9.117355387
4/1/2020,Menteng,586250,9109,10.130538497
4/1/2020,Tanah Abang,2114208,32850,10.130538497
4/1/2020,Sawah Besar,50715,788,4.130538497
4/1/2020,Gambir,559348,8691,4.130538497
4/1/2020,Cempaka Putih,35848,557,6.130538497
4/1/2020,Johar Baru,4633,72,11.130538497
4/1/2020,Kemayoran,103683,1611,5.130538497
4/1/2020,Senen,312851,4861,10.130538497
4/1/2020,Kramat Jati,1296972,20152,36.121479308
4/1/2020,Ciracas,1126677,17506,52.121479308
4/1/2020,Cipayung,1081432,16803,73.121479308
4/1/2020,Makasar,5893139,91566,29.121479308
4/1/2020,Pasar Rebo,219015,3403,48.121479308
4/1/2020,Jatinegara,218822,3400,17.121479308
4/1/2020,Duren sawit,216762,3368,20.121479308
4/1/2020,Matraman,161864,2515,9.121479308
4/1/2020,Pulo Gadung,404756,6289,11.121479308
4/1/2020,Cakung,719925,11186,9.121479308
4/1/2020,Tanjung Priok,5534,86,4.129719867
4/1/2020,Cilincing,5148,80,2.129719867
4/1/2020,Kelapa gading,278161,4322,5.129719867
4/1/2020,Koja,6822,106,5.129719867
4/1/2020,Pademangan,91133,1416,4.129719867
4/1/2020,Penjaringan,999116,15524,1.129719867
4/1/2020,Setiabudi,1118696,17382,23.131615789
4/1/2020,Tebet,721276,11207,18.131615789
4/1/2020,Keb Baru,1054143,16379,20.131615789
4/1/2020,Keb Lama,508439,7900,25.131615789
4/1/2020,Cilandak,985086,15306,38.131615789
4/1/2020,Pesanggrahan,440218,6840,22.131615789
4/1/2020,Pasar Minggu,2493157,38738,39.131615789
4/1/2020,Jagakarsa,520539,8088,62.131615789
4/1/2020,Mampang Prapatan,1041915,16189,26.131615789
4/1/2020,Pancoran,1441330,22395,25.131615789
5/1/2020,Kalideres,717222,11144,5.117355387
5/1/2020,Cengkareng,582968,9058,3.117355387
5/1/2020,Tambora,5470,85,4.117355387
5/1/2020,Grogol Petamburan,202024,3139,4.117355387
5/1/2020,Taman Sari,24199,376,5.117355387
5/1/2020,Kebon Jeruk,528198,8207,10.117355387
5/1/2020,Kembangan,832361,12933,10.117355387
5/1/2020,Palmerah,658783,10236,9.117355387
5/1/2020,Menteng,361764,5621,10.130538497
5/1/2020,Tanah Abang,1925764,29922,10.130538497
5/1/2020,Sawah Besar,9074,141,4.130538497
5/1/2020,Gambir,249586,3878,4.130538497
5/1/2020,Cempaka Putih,18020,280,6.130538497
5/1/2020,Johar Baru,17891,278,11.130538497
5/1/2020,Kemayoran,157294,2444,5.130538497
5/1/2020,Senen,66032,1026,10.130538497
5/1/2020,Kramat Jati,490869,7627,36.121479308
5/1/2020,Ciracas,1012052,15725,52.121479308
5/1/2020,Cipayung,718959,11171,73.121479308
5/1/2020,Makasar,3026890,47031,29.121479308
5/1/2020,Pasar Rebo,52581,817,48.121479308
5/1/2020,Jatinegara,101108,1571,17.121479308
5/1/2020,Duren sawit,206207,3204,20.121479308
5/1/2020,Matraman,65775,1022,9.121479308
5/1/2020,Pulo Gadung,467314,7261,11.121479308
5/1/2020,Cakung,616113,9573,9.121479308
5/1/2020,Tanjung Priok,5470,85,4.129719867
5/1/2020,Cilincing,5084,79,2.129719867
5/1/2020,Kelapa gading,278161,4322,5.129719867
5/1/2020,Koja,6757,105,5.129719867
5/1/2020,Pademangan,33273,517,4.129719867
5/1/2020,Penjaringan,793101,12323,1.129719867
5/1/2020,Setiabudi,762724,11851,23.131615789
5/1/2020,Tebet,883977,13735,18.131615789
5/1/2020,Keb Baru,725974,11280,20.131615789
5/1/2020,Keb Lama,1641037,25498,25.131615789
5/1/2020,Cilandak,1175397,18263,38.131615789
5/1/2020,Pesanggrahan,342392,5320,22.131615789
5/1/2020,Pasar Minggu,1586847,24656,39.131615789
5/1/2020,Jagakarsa,391820,6088,62.131615789
5/1/2020,Mampang Prapatan,956961,14869,26.131615789
5/1/2020,Pancoran,1087482,16897,25.131615789
6/1/2020,Kalideres,686072,10660,5.117355387
6/1/2020,Cengkareng,461264,7167,3.117355387
6/1/2020,Tambora,20273,315,4.117355387
6/1/2020,Grogol Petamburan,648807,10081,4.117355387
6/1/2020,Taman Sari,20852,324,5.117355387
6/1/2020,Kebon Jeruk,631173,9807,10.117355387
6/1/2020,Kembangan,801919,12460,10.117355387
6/1/2020,Palmerah,966550,15018,9.117355387
6/1/2020,Menteng,450194,6995,10.130538497
6/1/2020,Tanah Abang,1654102,25701,10.130538497
6/1/2020,Sawah Besar,27352,425,4.130538497
6/1/2020,Gambir,372963,5795,4.130538497
6/1/2020,Cempaka Putih,95058,1477,6.130538497
6/1/2020,Johar Baru,2831,44,11.130538497
6/1/2020,Kemayoran,142363,2212,5.130538497
6/1/2020,Senen,131486,2043,10.130538497
6/1/2020,Kramat Jati,355907,5530,36.121479308
6/1/2020,Ciracas,605365,9406,52.121479308
6/1/2020,Cipayung,988175,15354,73.121479308
6/1/2020,Makasar,1032840,16048,29.121479308
6/1/2020,Pasar Rebo,107866,1676,48.121479308
6/1/2020,Jatinegara,105356,1637,17.121479308
6/1/2020,Duren sawit,212836,3307,20.121479308
6/1/2020,Matraman,96410,1498,9.121479308
6/1/2020,Pulo Gadung,619138,9620,11.121479308
6/1/2020,Cakung,501489,7792,9.121479308
6/1/2020,Tanjung Priok,5406,84,4.129719867
6/1/2020,Cilincing,5020,78,2.129719867
6/1/2020,Kelapa gading,206787,3213,5.129719867
6/1/2020,Koja,6693,104,5.129719867
6/1/2020,Pademangan,45695,710,4.129719867
6/1/2020,Penjaringan,949945,14760,1.129719867
6/1/2020,Setiabudi,1025696,15937,23.131615789
6/1/2020,Tebet,1175718,18268,18.131615789
6/1/2020,Keb Baru,1249667,19417,20.131615789
6/1/2020,Keb Lama,1118696,17382,25.131615789
6/1/2020,Cilandak,894339,13896,38.131615789
6/1/2020,Pesanggrahan,364982,5671,22.131615789
6/1/2020,Pasar Minggu,1641231,25501,39.131615789
6/1/2020,Jagakarsa,878828,13655,62.131615789
6/1/2020,Mampang Prapatan,905473,14069,26.131615789
6/1/2020,Pancoran,1424275,22130,25.131615789
7/1/2020,Kalideres,887581,13791,5.117355387
7/1/2020,Cengkareng,582195,9046,3.117355387
7/1/2020,Tambora,20659,321,4.117355387
7/1/2020,Grogol Petamburan,534891,8311,4.117355387
7/1/2020,Taman Sari,27288,424,5.117355387
7/1/2020,Kebon Jeruk,729385,11333,10.117355387
7/1/2020,Kembangan,1001690,15564,10.117355387
7/1/2020,Palmerah,975110,15151,9.117355387
7/1/2020,Menteng,459011,7132,10.130538497
7/1/2020,Tanah Abang,1999262,31064,10.130538497
7/1/2020,Sawah Besar,30442,473,4.130538497
7/1/2020,Gambir,580779,9024,4.130538497
7/1/2020,Cempaka Putih,100593,1563,6.130538497
7/1/2020,Johar Baru,4440,69,11.130538497
7/1/2020,Kemayoran,89588,1392,5.130538497
7/1/2020,Senen,282473,4389,10.130538497
7/1/2020,Kramat Jati,432045,6713,36.121479308
7/1/2020,Ciracas,1271099,19750,52.121479308
7/1/2020,Cipayung,1487669,23115,73.121479308
7/1/2020,Makasar,2579463,40079,29.121479308
7/1/2020,Pasar Rebo,214703,3336,48.121479308
7/1/2020,Jatinegara,89588,1392,17.121479308
7/1/2020,Duren sawit,215990,3356,20.121479308
7/1/2020,Matraman,127946,1988,9.121479308
7/1/2020,Pulo Gadung,479413,7449,11.121479308
7/1/2020,Cakung,507088,7879,9.121479308
7/1/2020,Tanjung Priok,5341,83,4.129719867
7/1/2020,Cilincing,4955,77,2.129719867
7/1/2020,Kelapa gading,224421,3487,5.129719867
7/1/2020,Koja,6629,103,5.129719867
7/1/2020,Pademangan,43185,671,4.129719867
7/1/2020,Penjaringan,846069,13146,1.129719867
7/1/2020,Setiabudi,1266851,19684,23.131615789
7/1/2020,Tebet,1098809,17073,18.131615789
7/1/2020,Keb Baru,1370728,21298,20.131615789
7/1/2020,Keb Lama,1003364,15590,25.131615789
7/1/2020,Cilandak,1656548,25739,38.131615789
7/1/2020,Pesanggrahan,567650,8820,22.131615789
7/1/2020,Pasar Minggu,3246356,50441,39.131615789
7/1/2020,Jagakarsa,1627844,25293,62.131615789
7/1/2020,Mampang Prapatan,1219032,18941,26.131615789
7/1/2020,Pancoran,2466641,38326,25.131615789
8/1/2020,Kalideres,860357,13368,5.117355387
8/1/2020,Cengkareng,522727,8122,3.117355387
8/1/2020,Tambora,21560,335,4.117355387
8/1/2020,Grogol Petamburan,452575,7032,4.117355387
8/1/2020,Taman Sari,27996,435,5.117355387
8/1/2020,Kebon Jeruk,908047,14109,10.117355387
8/1/2020,Kembangan,783319,12171,10.117355387
8/1/2020,Palmerah,1297036,20153,9.117355387
8/1/2020,Menteng,621133,9651,10.130538497
8/1/2020,Tanah Abang,1673539,26003,10.130538497
8/1/2020,Sawah Besar,34239,532,4.130538497
8/1/2020,Gambir,391241,6079,4.130538497
8/1/2020,Cempaka Putih,63394,985,6.130538497
8/1/2020,Johar Baru,113980,1771,11.130538497
8/1/2020,Kemayoran,198999,3092,5.130538497
8/1/2020,Senen,343615,5339,10.130538497
8/1/2020,Kramat Jati,387186,6016,36.121479308
8/1/2020,Ciracas,749208,11641,52.121479308
8/1/2020,Cipayung,1128993,17542,73.121479308
8/1/2020,Makasar,1766345,27445,29.121479308
8/1/2020,Pasar Rebo,340654,5293,48.121479308
8/1/2020,Jatinegara,86370,1342,17.121479308
8/1/2020,Duren sawit,153947,2392,20.121479308
8/1/2020,Matraman,100014,1554,9.121479308
8/1/2020,Pulo Gadung,415247,6452,11.121479308
8/1/2020,Cakung,615855,9569,9.121479308
8/1/2020,Tanjung Priok,5277,82,4.129719867
8/1/2020,Cilincing,4891,76,2.129719867
8/1/2020,Kelapa gading,149056,2316,5.129719867
8/1/2020,Koja,6629,103,5.129719867
8/1/2020,Pademangan,77617,1206,4.129719867
8/1/2020,Penjaringan,883012,13720,1.129719867
8/1/2020,Setiabudi,1209185,18788,23.131615789
8/1/2020,Tebet,901998,14015,18.131615789
8/1/2020,Keb Baru,1363262,21182,20.131615789
8/1/2020,Keb Lama,1340479,20828,25.131615789
8/1/2020,Cilandak,2401895,37320,38.131615789
8/1/2020,Pesanggrahan,446332,6935,22.131615789
8/1/2020,Pasar Minggu,3472322,53952,39.131615789
8/1/2020,Jagakarsa,778942,12103,62.131615789
8/1/2020,Mampang Prapatan,1160079,18025,26.131615789
8/1/2020,Pancoran,2279419,35417,25.131615789
9/1/2020,Kalideres,860357,13368,5.117355387
9/1/2020,Cengkareng,763432,11862,3.117355387
9/1/2020,Tambora,28768,447,4.117355387
9/1/2020,Grogol Petamburan,161606,2511,4.117355387
9/1/2020,Taman Sari,58888,915,5.117355387
9/1/2020,Kebon Jeruk,747470,11614,10.117355387
9/1/2020,Kembangan,653377,10152,10.117355387
9/1/2020,Palmerah,1192194,18524,9.117355387
9/1/2020,Menteng,939455,14597,10.130538497
9/1/2020,Tanah Abang,1363584,21187,10.130538497
9/1/2020,Sawah Besar,18986,295,4.130538497
9/1/2020,Gambir,494860,7689,4.130538497
9/1/2020,Cempaka Putih,47239,734,6.130538497
9/1/2020,Johar Baru,8044,125,11.130538497
9/1/2020,Kemayoran,83989,1305,5.130538497
9/1/2020,Senen,352303,5474,10.130538497
9/1/2020,Kramat Jati,655887,10191,36.121479308
9/1/2020,Ciracas,1007097,15648,52.121479308
9/1/2020,Cipayung,808355,12560,73.121479308
9/1/2020,Makasar,1902466,29560,29.121479308
9/1/2020,Pasar Rebo,86499,1344,48.121479308
9/1/2020,Jatinegara,98727,1534,17.121479308
9/1/2020,Duren sawit,127496,1981,20.121479308
9/1/2020,Matraman,57859,899,9.121479308
9/1/2020,Pulo Gadung,341684,5309,11.121479308
9/1/2020,Cakung,623192,9683,9.121479308
9/1/2020,Tanjung Priok,5213,81,4.129719867
9/1/2020,Cilincing,4826,75,2.129719867
9/1/2020,Kelapa gading,403212,6265,5.129719867
9/1/2020,Koja,6564,102,5.129719867
9/1/2020,Pademangan,95316,1481,4.129719867
9/1/2020,Penjaringan,899423,13975,1.129719867
9/1/2020,Setiabudi,1455232,22611,23.131615789
9/1/2020,Tebet,625831,9724,18.131615789
9/1/2020,Keb Baru,1998104,31046,20.131615789
9/1/2020,Keb Lama,547827,8512,25.131615789
9/1/2020,Cilandak,1890237,29370,38.131615789
9/1/2020,Pesanggrahan,470210,7306,22.131615789
9/1/2020,Pasar Minggu,3522780,54736,39.131615789
9/1/2020,Jagakarsa,866922,13470,62.131615789
9/1/2020,Mampang Prapatan,1275218,19814,26.131615789
9/1/2020,Pancoran,2472948,38424,25.131615789
10/1/2020,Kalideres,1000146,15540,5.117355387
10/1/2020,Cengkareng,763625,11865,3.117355387
10/1/2020,Tambora,18792,292,4.117355387
10/1/2020,Grogol Petamburan,358611,5572,4.117355387
10/1/2020,Taman Sari,42219,656,5.117355387
10/1/2020,Kebon Jeruk,972793,15115,10.117355387
10/1/2020,Kembangan,749337,11643,10.117355387
10/1/2020,Palmerah,1095269,17018,9.117355387
10/1/2020,Menteng,679893,10564,10.130538497
10/1/2020,Tanah Abang,2030541,31550,10.130538497
10/1/2020,Sawah Besar,30635,476,4.130538497
10/1/2020,Gambir,427990,6650,4.130538497
10/1/2020,Cempaka Putih,19436,302,6.130538497
10/1/2020,Johar Baru,6564,102,11.130538497
10/1/2020,Kemayoran,63007,979,5.130538497
10/1/2020,Senen,654214,10165,10.130538497
10/1/2020,Kramat Jati,728678,11322,36.121479308
10/1/2020,Ciracas,1079952,16780,52.121479308
10/1/2020,Cipayung,1199338,18635,73.121479308
10/1/2020,Makasar,1863206,28950,29.121479308
10/1/2020,Pasar Rebo,119644,1859,48.121479308
10/1/2020,Jatinegara,98727,1534,17.121479308
10/1/2020,Duren sawit,153046,2378,20.121479308
10/1/2020,Matraman,55284,859,9.121479308
10/1/2020,Pulo Gadung,501682,7795,11.121479308
10/1/2020,Cakung,777205,12076,9.121479308
10/1/2020,Tanjung Priok,5148,80,4.129719867
10/1/2020,Cilincing,4762,74,2.129719867
10/1/2020,Kelapa gading,440669,6847,5.129719867
10/1/2020,Koja,6435,100,5.129719867
10/1/2020,Pademangan,107287,1667,4.129719867
10/1/2020,Penjaringan,965520,15002,1.129719867
10/1/2020,Setiabudi,1306947,20307,23.131615789
10/1/2020,Tebet,881467,13696,18.131615789
10/1/2020,Keb Baru,1242459,19305,20.131615789
10/1/2020,Keb Lama,1830383,28440,25.131615789
10/1/2020,Cilandak,1926794,29938,38.131615789
10/1/2020,Pesanggrahan,375408,5833,22.131615789
10/1/2020,Pasar Minggu,3395927,52765,39.131615789
10/1/2020,Jagakarsa,807711,12550,62.131615789
10/1/2020,Mampang Prapatan,916929,14247,26.131615789
10/1/2020,Pancoran,1789129,27799,25.131615789
11/1/2020,Kalideres,1060000,16470,5.117355387
11/1/2020,Cengkareng,731638,11368,3.117355387
11/1/2020,Tambora,13644,212,4.117355387
11/1/2020,Grogol Petamburan,168686,2621,4.117355387
11/1/2020,Taman Sari,46017,715,5.117355387
11/1/2020,Kebon Jeruk,937781,14571,10.117355387
11/1/2020,Kembangan,752040,11685,10.117355387
11/1/2020,Palmerah,2309411,35883,9.117355387
11/1/2020,Menteng,691220,10740,10.130538497
11/1/2020,Tanah Abang,2572383,39969,10.130538497
11/1/2020,Sawah Besar,46210,718,4.130538497
11/1/2020,Gambir,220495,3426,4.130538497
11/1/2020,Cempaka Putih,10941,170,6.130538497
11/1/2020,Johar Baru,10233,159,11.130538497
11/1/2020,Kemayoran,216634,3366,5.130538497
11/1/2020,Senen,306158,4757,10.130538497
11/1/2020,Kramat Jati,471561,7327,36.121479308
11/1/2020,Ciracas,1078085,16751,52.121479308
11/1/2020,Cipayung,909399,14130,73.121479308
11/1/2020,Makasar,1787455,27773,29.121479308
11/1/2020,Pasar Rebo,538560,8368,48.121479308
11/1/2020,Jatinegara,131228,2039,17.121479308
11/1/2020,Duren sawit,92935,1444,20.121479308
11/1/2020,Matraman,33402,519,9.121479308
11/1/2020,Pulo Gadung,304484,4731,11.121479308
11/1/2020,Cakung,597963,9291,9.121479308
11/1/2020,Tanjung Priok,5148,80,4.129719867
11/1/2020,Cilincing,4762,74,2.129719867
11/1/2020,Kelapa gading,461586,7172,5.129719867
11/1/2020,Koja,6371,99,5.129719867
11/1/2020,Pademangan,80256,1247,4.129719867
11/1/2020,Penjaringan,747985,11622,1.129719867
11/1/2020,Setiabudi,4422847,68721,23.131615789
11/1/2020,Tebet,1342345,20857,18.131615789
11/1/2020,Keb Baru,1428458,22195,20.131615789
11/1/2020,Keb Lama,1379867,21440,25.131615789
11/1/2020,Cilandak,2345452,36443,38.131615789
11/1/2020,Pesanggrahan,344838,5358,22.131615789
11/1/2020,Pasar Minggu,3264634,50725,39.131615789
11/1/2020,Jagakarsa,761501,11832,62.131615789
11/1/2020,Mampang Prapatan,1123459,17456,26.131615789
11/1/2020,Pancoran,1883158,29260,25.131615789
12/1/2020,Kalideres,972729,15114,5.117355387
12/1/2020,Cengkareng,592686,9209,3.117355387
12/1/2020,Tambora,14030,218,4.117355387
12/1/2020,Grogol Petamburan,179369,2787,4.117355387
12/1/2020,Taman Sari,39645,616,5.117355387
12/1/2020,Kebon Jeruk,1240400,19273,10.117355387
12/1/2020,Kembangan,709370,11022,10.117355387
12/1/2020,Palmerah,1549969,24083,9.117355387
12/1/2020,Menteng,436936,6789,10.130538497
12/1/2020,Tanah Abang,1782242,27692,10.130538497
12/1/2020,Sawah Besar,16347,254,4.130538497
12/1/2020,Gambir,255764,3974,4.130538497
12/1/2020,Cempaka Putih,11391,177,6.130538497
12/1/2020,Johar Baru,3732,58,11.130538497
12/1/2020,Kemayoran,125114,1944,5.130538497
12/1/2020,Senen,1407026,21862,10.130538497
12/1/2020,Kramat Jati,489968,7613,36.121479308
12/1/2020,Ciracas,1143474,17767,52.121479308
12/1/2020,Cipayung,1223602,19012,73.121479308
12/1/2020,Makasar,1733715,26938,29.121479308
12/1/2020,Pasar Rebo,542099,8423,48.121479308
12/1/2020,Jatinegara,142684,2217,17.121479308
12/1/2020,Duren sawit,134253,2086,20.121479308
12/1/2020,Matraman,72661,1129,9.121479308
12/1/2020,Pulo Gadung,422262,6561,11.121479308
12/1/2020,Cakung,586250,9109,9.121479308
12/1/2020,Tanjung Priok,5084,79,4.129719867
12/1/2020,Cilincing,4762,74,2.129719867
12/1/2020,Kelapa gading,302360,4698,5.129719867
12/1/2020,Koja,6307,98,5.129719867
12/1/2020,Pademangan,73562,1143,4.129719867
12/1/2020,Penjaringan,787116,12230,1.129719867
12/1/2020,Setiabudi,981546,15251,23.131615789
12/1/2020,Tebet,762531,11848,18.131615789
12/1/2020,Keb Baru,2236234,34746,20.131615789
12/1/2020,Keb Lama,1443583,22430,25.131615789
12/1/2020,Cilandak,1193997,18552,38.131615789
12/1/2020,Pesanggrahan,410806,6383,22.131615789
12/1/2020,Pasar Minggu,3304537,51345,39.131615789
12/1/2020,Jagakarsa,872457,13556,62.131615789
12/1/2020,Mampang Prapatan,1110973,17262,26.131615789
12/1/2020,Pancoran,1514635,23534,25.131615789
