Tanggal,tahun,bulan,bulan_2,wilayah,Kecamatan,pam,pat,pred_elevasi
1/1/2021,2021,January,1,Jakarta Utara,Cilincing,5119.702,80,2.18822006109755
1/1/2021,2021,January,1,Jakarta Utara,Kelapa gading,391088.4,6076,5.22554780943686
1/1/2021,2021,January,1,Jakarta Utara,Koja,8085.039,126,5.21339290442304
1/1/2021,2021,January,1,Jakarta Utara,Pademangan,190057.208735578,948,4.15813324104026
1/1/2021,2021,January,1,Jakarta Utara,Penjaringan,690734.330637355,13539,1.19788203610802
1/1/2021,2021,January,1,Jakarta Utara,Tanjung Priok,2747.92446531813,43,4.15104324011495
2/1/2021,2021,February,2,Jakarta Utara,Cilincing,5083.048,79,2.18822006109755
2/1/2021,2021,February,2,Jakarta Utara,Kelapa gading,400872.6,6229,5.22554780943686
2/1/2021,2021,February,2,Jakarta Utara,Koja,8054.186,125,5.21339290442304
2/1/2021,2021,February,2,Jakarta Utara,Pademangan,187390.384027361,898,4.15813324104026
2/1/2021,2021,February,2,Jakarta Utara,Penjaringan,683861.409212356,13404,1.19788203610802
2/1/2021,2021,February,2,Jakarta Utara,Tanjung Priok,2642.81830320037,41,4.15104324011495
3/1/2021,2021,March,3,Jakarta Utara,Cilincing,5046.394,78,2.18822006109755
3/1/2021,2021,March,3,Jakarta Utara,Kelapa gading,410656.8,6381,5.22554780943686
3/1/2021,2021,March,3,Jakarta Utara,Koja,8023.333,125,5.21339290442304
3/1/2021,2021,March,3,Jakarta Utara,Pademangan,184792.835387035,850,4.15813324104026
3/1/2021,2021,March,3,Jakarta Utara,Penjaringan,677056.874498165,13271,1.19788203610802
3/1/2021,2021,March,3,Jakarta Utara,Tanjung Priok,2541.73237724795,40,4.15104324011495
4/1/2021,2021,April,4,Jakarta Utara,Cilincing,5009.74,78,2.18822006109755
4/1/2021,2021,April,4,Jakarta Utara,Kelapa gading,420441,6533,5.22554780943686
4/1/2021,2021,April,4,Jakarta Utara,Koja,7992.48,124,5.21339290442304
4/1/2021,2021,April,4,Jakarta Utara,Pademangan,182261.054588606,804,4.15813324104026
4/1/2021,2021,April,4,Jakarta Utara,Penjaringan,670320.046035639,13139,1.19788203610802
4/1/2021,2021,April,4,Jakarta Utara,Tanjung Priok,2444.5129162785,38,4.15104324011495
5/1/2021,2021,May,5,Jakarta Utara,Cilincing,4973.086,77,2.18822006109755
5/1/2021,2021,May,5,Jakarta Utara,Kelapa gading,430225.2,6685,5.22554780943686
5/1/2021,2021,May,5,Jakarta Utara,Koja,7961.627,124,5.21339290442304
5/1/2021,2021,May,5,Jakarta Utara,Pademangan,179791.793329569,761,4.15813324104026
5/1/2021,2021,May,5,Jakarta Utara,Penjaringan,663650.250136319,13008,1.19788203610802
5/1/2021,2021,May,5,Jakarta Utara,Tanjung Priok,2351.0120307483,37,4.15104324011495
6/1/2021,2021,June,6,Jakarta Utara,Cilincing,4936.432,77,2.18822006109755
6/1/2021,2021,June,6,Jakarta Utara,Kelapa gading,440009.4,6837,5.22554780943686
6/1/2021,2021,June,6,Jakarta Utara,Koja,7930.774,123,5.21339290442304
6/1/2021,2021,June,6,Jakarta Utara,Pademangan,177382.038171663,720,4.15813324104026
6/1/2021,2021,June,6,Jakarta Utara,Penjaringan,657046.819815057,12879,1.19788203610802
6/1/2021,2021,June,6,Jakarta Utara,Tanjung Priok,2261.08748778381,35,4.15104324011495
7/1/2021,2021,July,7,Jakarta Utara,Cilincing,4899.778,76,2.18822006109755
7/1/2021,2021,July,7,Jakarta Utara,Kelapa gading,449793.6,6989,5.22554780943686
7/1/2021,2021,July,7,Jakarta Utara,Koja,7899.921,123,5.21339290442304
7/1/2021,2021,July,7,Jakarta Utara,Pademangan,175028.988430644,682,4.15813324104026
7/1/2021,2021,July,7,Jakarta Utara,Penjaringan,650509.094723317,12751,1.19788203610802
7/1/2021,2021,July,7,Jakarta Utara,Tanjung Priok,2174.60249481806,34,4.15104324011495
8/1/2021,2021,August,8,Jakarta Utara,Cilincing,4863.124,76,2.18822006109755
8/1/2021,2021,August,8,Jakarta Utara,Kelapa gading,459577.8,7141,5.22554780943686
8/1/2021,2021,August,8,Jakarta Utara,Koja,7869.068,122,5.21339290442304
8/1/2021,2021,August,8,Jakarta Utara,Pademangan,172730.036608174,645,4.15813324104026
8/1/2021,2021,August,8,Jakarta Utara,Penjaringan,644036.421083141,12624,1.19788203610802
8/1/2021,2021,August,8,Jakarta Utara,Tanjung Priok,2091.42549150273,33,4.15104324011495
9/1/2021,2021,September,9,Jakarta Utara,Cilincing,4826.47,75,2.18822006109755
9/1/2021,2021,September,9,Jakarta Utara,Kelapa gading,469362,7293,5.22554780943686
9/1/2021,2021,September,9,Jakarta Utara,Koja,7838.215,122,5.21339290442304
9/1/2021,2021,September,9,Jakarta Utara,Pademangan,170482.751022968,611,4.15813324104026
9/1/2021,2021,September,9,Jakarta Utara,Penjaringan,637628.151621773,12498,1.19788203610802
9/1/2021,2021,September,9,Jakarta Utara,Tanjung Priok,2011.42994957954,31,4.15104324011495
10/1/2021,2021,October,10,Jakarta Utara,Cilincing,4789.816,74,2.18822006109755
10/1/2021,2021,October,10,Jakarta Utara,Kelapa gading,479146.2,7445,5.22554780943686
10/1/2021,2021,October,10,Jakarta Utara,Koja,7807.362,121,5.21339290442304
10/1/2021,2021,October,10,Jakarta Utara,Pademangan,168284.860351091,578,4.15813324104026
10/1/2021,2021,October,10,Jakarta Utara,Penjaringan,631283.645506926,12374,1.19788203610802
10/1/2021,2021,October,10,Jakarta Utara,Tanjung Priok,1934.49418040636,30,4.15104324011495
11/1/2021,2021,November,11,Jakarta Utara,Cilincing,4753.162,74,2.18822006109755
11/1/2021,2021,November,11,Jakarta Utara,Kelapa gading,488930.4,7597,5.22554780943686
11/1/2021,2021,November,11,Jakarta Utara,Koja,7776.509,121,5.21339290442304
11/1/2021,2021,November,11,Jakarta Utara,Pademangan,166134.239828994,547,4.15813324104026
11/1/2021,2021,November,11,Jakarta Utara,Penjaringan,625002.268282701,12251,1.21705327029108
11/1/2021,2021,November,11,Jakarta Utara,Tanjung Priok,1860.50114984534,29,4.15104324011495
12/1/2021,2021,December,12,Jakarta Utara,Cilincing,4716.508,73,2.18822006109755
12/1/2021,2021,December,12,Jakarta Utara,Kelapa gading,498714.6,7749,5.22554780943686
12/1/2021,2021,December,12,Jakarta Utara,Koja,7745.656,120,5.21339290442304
12/1/2021,2021,December,12,Jakarta Utara,Pademangan,164028.898909211,518,4.15813324104026
12/1/2021,2021,December,12,Jakarta Utara,Penjaringan,618783.391806141,12129,1.23705327029108
12/1/2021,2021,December,12,Jakarta Utara,Tanjung Priok,1789.33830023138,28,4.15104324011495
1/1/2022,2022,January,13,Jakarta Utara,Cilincing,4679.854,73,2.18822006109755
1/1/2022,2022,January,13,Jakarta Utara,Kelapa gading,508498.8,7901,5.22554780943686
1/1/2022,2022,January,13,Jakarta Utara,Koja,7714.803,120,5.21339290442304
1/1/2022,2022,January,13,Jakarta Utara,Pademangan,161966.970188937,490,4.15813324104026
1/1/2022,2022,January,13,Jakarta Utara,Penjaringan,612626.394184416,12008,1.23705327029108
1/1/2022,2022,January,13,Jakarta Utara,Tanjung Priok,1720.89737915029,27,4.15104324011495
2/1/2022,2022,February,14,Jakarta Utara,Cilincing,4643.2,72,2.18822006109755
2/1/2022,2022,February,14,Jakarta Utara,Kelapa gading,518283,8053,5.22554780943686
2/1/2022,2022,February,14,Jakarta Utara,Koja,7683.95,119,5.21339290442304
2/1/2022,2022,February,14,Jakarta Utara,Pademangan,159946.699457185,464,4.15813324104026
2/1/2022,2022,February,14,Jakarta Utara,Penjaringan,606530.659712634,11889,1.23705327029108
2/1/2022,2022,February,14,Jakarta Utara,Tanjung Priok,1655.07427476591,26,4.15104324011495
3/1/2022,2022,March,15,Jakarta Utara,Cilincing,4606.546,72,2.18822006109755
3/1/2022,2022,March,15,Jakarta Utara,Kelapa gading,528067.2,8205,5.22554780943686
3/1/2022,2022,March,15,Jakarta Utara,Koja,7653.097,119,5.21339290442304
3/1/2022,2022,March,15,Jakarta Utara,Pademangan,157966.436727567,439,4.15813324104026
3/1/2022,2022,March,15,Jakarta Utara,Penjaringan,600495.578812266,11770,1.23705327029108
3/1/2022,2022,March,15,Jakarta Utara,Tanjung Priok,1591.76885744602,25,4.15104324011495
4/1/2022,2022,April,16,Jakarta Utara,Cilincing,4569.892,71,2.18822006109755
4/1/2022,2022,April,16,Jakarta Utara,Kelapa gading,537851.4,8357,5.22554780943686
4/1/2022,2022,April,16,Jakarta Utara,Koja,7622.244,118,5.21339290442304
4/1/2022,2022,April,16,Jakarta Utara,Pademangan,156024.628141857,416,4.15813324104026
4/1/2022,2022,April,16,Jakarta Utara,Penjaringan,594520.547970194,11653,1.23705327029108
4/1/2022,2022,April,16,Jakarta Utara,Tanjung Priok,1530.88482744582,24,4.15104324011495
5/1/2022,2022,May,17,Jakarta Utara,Cilincing,4533.238,70,2.18822006109755
5/1/2022,2022,May,17,Jakarta Utara,Kelapa gading,547635.6,8509,5.22554780943686
5/1/2022,2022,May,17,Jakarta Utara,Koja,7591.391,118,5.21339290442304
5/1/2022,2022,May,17,Jakarta Utara,Pademangan,154119.808644788,393,4.15813324104026
5/1/2022,2022,May,17,Jakarta Utara,Penjaringan,588604.969678355,11537,1.23705327029108
5/1/2022,2022,May,17,Jakarta Utara,Tanjung Priok,1472.32956841743,23,4.15104324011495
6/1/2022,2022,June,18,Jakarta Utara,Cilincing,4496.584,70,2.18822006109755
6/1/2022,2022,June,18,Jakarta Utara,Kelapa gading,557419.8,8661,5.22554780943686
6/1/2022,2022,June,18,Jakarta Utara,Koja,7560.538,117,5.21339290442304
6/1/2022,2022,June,18,Jakarta Utara,Pademangan,152250.595343573,372,4.15813324104026
6/1/2022,2022,June,18,Jakarta Utara,Penjaringan,582748.25237399,11422,1.23705327029108
6/1/2022,2022,June,18,Jakarta Utara,Tanjung Priok,1416.01400652262,22,4.15104324011495
7/1/2022,2022,July,19,Jakarta Utara,Cilincing,4459.93,69,2.18822006109755
7/1/2022,2022,July,19,Jakarta Utara,Kelapa gading,567204,8813,5.22554780943686
7/1/2022,2022,July,19,Jakarta Utara,Koja,7529.685,117,5.21339290442304
7/1/2022,2022,July,19,Jakarta Utara,Pademangan,150415.681476753,352,4.15813324104026
7/1/2022,2022,July,19,Jakarta Utara,Penjaringan,576949.810380487,11309,1.23705327029108
7/1/2022,2022,July,19,Jakarta Utara,Tanjung Priok,1361.85247493432,21,4.15104324011495
8/1/2022,2022,August,20,Jakarta Utara,Cilincing,4423.276,69,2.18822006109755
8/1/2022,2022,August,20,Jakarta Utara,Kelapa gading,576988.2,8965,5.22554780943686
8/1/2022,2022,August,20,Jakarta Utara,Koja,7498.832,117,5.21339290442304
8/1/2022,2022,August,20,Jakarta Utara,Pademangan,148613.830926485,334,4.15813324104026
8/1/2022,2022,August,20,Jakarta Utara,Penjaringan,571209.063848815,11196,1.23705327029108
8/1/2022,2022,August,20,Jakarta Utara,Tanjung Priok,1309.76258352082,20,4.15104324011495
9/1/2022,2022,September,21,Jakarta Utara,Cilincing,4386.622,68,2.18822006109755
9/1/2022,2022,September,21,Jakarta Utara,Kelapa gading,586772.4,9117,5.22554780943686
9/1/2022,2022,September,21,Jakarta Utara,Koja,7467.979,116,5.21339290442304
9/1/2022,2022,September,21,Jakarta Utara,Pademangan,146843.873216545,316,4.15813324104026
9/1/2022,2022,September,21,Jakarta Utara,Penjaringan,565525.438699537,11085,1.23705327029108
9/1/2022,2022,September,21,Jakarta Utara,Tanjung Priok,1259.66509351453,20,4.15104324011495
10/1/2022,2022,October,22,Jakarta Utara,Cilincing,4349.968,68,2.18822006109755
10/1/2022,2022,October,22,Jakarta Utara,Kelapa gading,596556.6,9269,5.22554780943686
10/1/2022,2022,October,22,Jakarta Utara,Koja,7437.126,116,5.21339290442304
10/1/2022,2022,October,22,Jakarta Utara,Pademangan,145104.698945358,299,4.15813324104026
10/1/2022,2022,October,22,Jakarta Utara,Penjaringan,559898.366565402,10975,1.23705327029108
10/1/2022,2022,October,22,Jakarta Utara,Tanjung Priok,1211.48379697452,19,4.15104324011495
11/1/2022,2022,November,23,Jakarta Utara,Cilincing,4313.314,67,2.18822006109755
11/1/2022,2022,November,23,Jakarta Utara,Kelapa gading,606340.8,9421,5.22554780943686
11/1/2022,2022,November,23,Jakarta Utara,Koja,7406.273,115,5.21339290442304
11/1/2022,2022,November,23,Jakarta Utara,Pademangan,143395.255609428,283,4.15813324104026
11/1/2022,2022,November,23,Jakarta Utara,Penjaringan,554327.284734507,10865,1.23705327029108
11/1/2022,2022,November,23,Jakarta Utara,Tanjung Priok,1165.14540085958,18,4.15104324011495
12/1/2022,2022,December,24,Jakarta Utara,Cilincing,4276.66,66,2.18822006109755
12/1/2022,2022,December,24,Jakarta Utara,Kelapa gading,616125,9573,5.22554780943686
12/1/2022,2022,December,24,Jakarta Utara,Koja,7375.42,115,5.21339290442304
12/1/2022,2022,December,24,Jakarta Utara,Pademangan,141714.54377779,268,4.15813324104026
12/1/2022,2022,December,24,Jakarta Utara,Penjaringan,548811.636094026,10757,1.23705327029108
12/1/2022,2022,December,24,Jakarta Utara,Tanjung Priok,1120.57941553533,17,4.15104324011495
1/1/2023,2023,January,25,Jakarta Utara,Cilincing,4240.006,66,2.18822006109755
1/1/2023,2023,January,25,Jakarta Utara,Kelapa gading,625909.2,9725,5.14355877147619
1/1/2023,2023,January,25,Jakarta Utara,Koja,7344.567,114,5.21339290442304
1/1/2023,2023,January,25,Jakarta Utara,Pademangan,140061.613582669,253,4.15813324104026
1/1/2023,2023,January,25,Jakarta Utara,Penjaringan,543350.8690745,10650,1.23705327029108
1/1/2023,2023,January,25,Jakarta Utara,Tanjung Priok,1077.71804754592,17,4.15104324011495
2/1/2023,2023,February,26,Jakarta Utara,Cilincing,4203.352,65,2.18822006109755
2/1/2023,2023,February,26,Jakarta Utara,Kelapa gading,635693.4,9877,5.11694710299875
2/1/2023,2023,February,26,Jakarta Utara,Koja,7313.714,114,5.21339290442304
2/1/2023,2023,February,26,Jakarta Utara,Pademangan,138435.561495491,240,4.15813324104026
2/1/2023,2023,February,26,Jakarta Utara,Penjaringan,537944.437594675,10544,1.23705327029108
2/1/2023,2023,February,26,Jakarta Utara,Tanjung Priok,1036.49609648713,16,4.15104324011495
3/1/2023,2023,March,27,Jakarta Utara,Cilincing,4166.698,65,2.18822006109755
3/1/2023,2023,March,27,Jakarta Utara,Kelapa gading,645477.6,10029,5.11694710299875
3/1/2023,2023,March,27,Jakarta Utara,Koja,7282.861,113,5.21339290442304
3/1/2023,2023,March,27,Jakarta Utara,Pademangan,136835.527360847,227,4.15813324104026
3/1/2023,2023,March,27,Jakarta Utara,Penjaringan,532591.801006897,10439,1.23705327029108
3/1/2023,2023,March,27,Jakarta Utara,Tanjung Priok,996.850855823935,15,4.15104324011495
4/1/2023,2023,April,28,Jakarta Utara,Cilincing,4130.044,64,2.18822006109755
4/1/2023,2023,April,28,Jakarta Utara,Kelapa gading,655261.8,10181,5.11694710299875
4/1/2023,2023,April,28,Jakarta Utara,Koja,7252.008,113,5.21339290442304
4/1/2023,2023,April,28,Jakarta Utara,Pademangan,135260.691664033,215,4.15813324104026
4/1/2023,2023,April,28,Jakarta Utara,Penjaringan,527292.424043049,10335,1.25623398692055
4/1/2023,2023,April,28,Jakarta Utara,Tanjung Priok,958.722017501832,15,4.15104324011495
5/1/2023,2023,May,29,Jakarta Utara,Cilincing,4093.39,64,2.18822006109755
5/1/2023,2023,May,29,Jakarta Utara,Kelapa gading,665046,10333,5.11694710299875
5/1/2023,2023,May,29,Jakarta Utara,Koja,7221.155,112,5.21339290442304
5/1/2023,2023,May,29,Jakarta Utara,Pademangan,133710.273010436,203,4.15813324104026
5/1/2023,2023,May,29,Jakarta Utara,Penjaringan,522045.776761016,10233,1.25623398692055
5/1/2023,2023,May,29,Jakarta Utara,Tanjung Priok,922.051580206622,14,4.15104324011495
6/1/2023,2023,June,30,Jakarta Utara,Cilincing,4056.736,63,2.18822006109755
6/1/2023,2023,June,30,Jakarta Utara,Kelapa gading,674830.2,10485,5.08987079464682
6/1/2023,2023,June,30,Jakarta Utara,Koja,7190.302,112,5.21339290442304
6/1/2023,2023,June,30,Jakarta Utara,Pademangan,132183.525797357,192,4.15813324104026
6/1/2023,2023,June,30,Jakarta Utara,Penjaringan,516851.334491699,10131,1.25623398692055
6/1/2023,2023,June,30,Jakarta Utara,Tanjung Priok,886.783761133247,14,4.15104324011495
7/1/2023,2023,July,31,Jakarta Utara,Cilincing,4020.082,62,2.18822006109755
7/1/2023,2023,July,31,Jakarta Utara,Kelapa gading,684614.4,10637,5.08987079464682
7/1/2023,2023,July,31,Jakarta Utara,Koja,7159.449,111,5.21339290442304
7/1/2023,2023,July,31,Jakarta Utara,Pademangan,130679.738060903,182,4.15813324104026
7/1/2023,2023,July,31,Jakarta Utara,Penjaringan,511708.577786542,10030,1.25623398692055
7/1/2023,2023,July,31,Jakarta Utara,Tanjung Priok,852.864911129383,13,4.15104324011495
8/1/2023,2023,August,32,Jakarta Utara,Cilincing,3983.428,62,2.18822006109755
8/1/2023,2023,August,32,Jakarta Utara,Kelapa gading,694398.6,10789,5.08987079464682
8/1/2023,2023,August,32,Jakarta Utara,Koja,7128.596,111,5.21339290442304
8/1/2023,2023,August,32,Jakarta Utara,Pademangan,129198.229482389,172,4.15813324104026
8/1/2023,2023,August,32,Jakarta Utara,Penjaringan,506616.99236559,9930,1.25623398692055
8/1/2023,2023,August,32,Jakarta Utara,Tanjung Priok,820.243433084737,13,4.15104324011495
9/1/2023,2023,September,33,Jakarta Utara,Cilincing,3946.774,61,2.18822006109755
9/1/2023,2023,September,33,Jakarta Utara,Kelapa gading,704182.8,10941,5.08987079464682
9/1/2023,2023,September,33,Jakarta Utara,Koja,7097.743,110,5.21339290442304
9/1/2023,2023,September,33,Jakarta Utara,Pademangan,127738.349540274,163,4.15813324104026
9/1/2023,2023,September,33,Jakarta Utara,Penjaringan,501576.069066056,9831,1.25623398692055
9/1/2023,2023,September,33,Jakarta Utara,Tanjung Priok,788.869703441896,12,4.15104324011495
10/1/2023,2023,October,34,Jakarta Utara,Cilincing,3910.12,61,2.18822006109755
10/1/2023,2023,October,34,Jakarta Utara,Kelapa gading,713967,11093,5.08987079464682
10/1/2023,2023,October,34,Jakarta Utara,Koja,7066.89,110,5.21339290442304
10/1/2023,2023,October,34,Jakarta Utara,Pademangan,126299.475795064,154,4.15813324104026
10/1/2023,2023,October,34,Jakarta Utara,Penjaringan,496585.30379141,9734,1.25623398692055
10/1/2023,2023,October,34,Jakarta Utara,Tanjung Priok,758.695996709328,12,4.15104324011495
11/1/2023,2023,November,35,Jakarta Utara,Cilincing,3873.466,60,2.18822006109755
11/1/2023,2023,November,35,Jakarta Utara,Kelapa gading,723751.2,11245,5.08987079464682
11/1/2023,2023,November,35,Jakarta Utara,Koja,7036.037,109,5.21339290442304
11/1/2023,2023,November,35,Jakarta Utara,Pademangan,124881.012295868,146,4.15813324104026
11/1/2023,2023,November,35,Jakarta Utara,Penjaringan,491644.197460965,9637,1.30290065358722
11/1/2023,2023,November,35,Jakarta Utara,Tanjung Priok,729.676412861705,11,4.15104324011495
12/1/2023,2023,December,36,Jakarta Utara,Cilincing,3836.812,60,2.18822006109755
12/1/2023,2023,December,36,Jakarta Utara,Kelapa gading,733535.4,11397,5.08987079464682
12/1/2023,2023,December,36,Jakarta Utara,Koja,7005.184,109,5.21339290442304
12/1/2023,2023,December,36,Jakarta Utara,Pademangan,123482.388098394,138,4.15813324104026
12/1/2023,2023,December,36,Jakarta Utara,Penjaringan,486752.255959972,9541,1.30290065358722
12/1/2023,2023,December,36,Jakarta Utara,Tanjung Priok,701.766807517122,11,4.15104324011495
1/1/2024,2024,January,37,Jakarta Utara,Cilincing,3800.158,59,2.18822006109755
1/1/2024,2024,January,37,Jakarta Utara,Kelapa gading,743319.6,11549,5.08987079464682
1/1/2024,2024,January,37,Jakarta Utara,Koja,6974.331,108,5.21339290442304
1/1/2024,2024,January,37,Jakarta Utara,Pademangan,122103.055885161,131,4.15813324104026
1/1/2024,2024,January,37,Jakarta Utara,Penjaringan,481908.990090202,9446,1.30290065358722
1/1/2024,2024,January,37,Jakarta Utara,Tanjung Priok,674.924724784974,10,4.15104324011495
2/1/2024,2024,February,38,Jakarta Utara,Cilincing,3763.504,58,2.18822006109755
2/1/2024,2024,February,38,Jakarta Utara,Kelapa gading,753103.8,11701,5.08987079464682
2/1/2024,2024,February,38,Jakarta Utara,Koja,6943.478,108,5.21339290442304
2/1/2024,2024,February,38,Jakarta Utara,Pademangan,120742.490679583,124,4.15813324104026
2/1/2024,2024,February,38,Jakarta Utara,Penjaringan,477113.915521034,9352,1.30290065358722
2/1/2024,2024,February,38,Jakarta Utara,Tanjung Priok,649.109332682365,10,4.15104324011495
3/1/2024,2024,March,39,Jakarta Utara,Cilincing,3726.85,58,2.18822006109755
3/1/2024,2024,March,39,Jakarta Utara,Kelapa gading,762888,11853,5.08987079464682
3/1/2024,2024,March,39,Jakarta Utara,Koja,6912.625,107,5.21339290442304
3/1/2024,2024,March,39,Jakarta Utara,Pademangan,119400.188646369,117,4.15813324104026
3/1/2024,2024,March,39,Jakarta Utara,Penjaringan,472366.552741015,9259,1.30290065358722
3/1/2024,2024,March,40,Jakarta Utara,Tanjung Priok,624.28136102079,10,4.15104324011495
4/1/2024,2024,April,40,Jakarta Utara,Cilincing,3690.196,57,2.18822006109755
4/1/2024,2024,April,40,Jakarta Utara,Kelapa gading,772672.2,12005,5.08987079464682
4/1/2024,2024,April,40,Jakarta Utara,Koja,6881.772,107,5.21339290442304
4/1/2024,2024,April,40,Jakarta Utara,Pademangan,118075.665971367,111,4.15813324104026
4/1/2024,2024,April,40,Jakarta Utara,Penjaringan,467666.427009909,9167,1.30290065358722
4/1/2024,2024,April,40,Jakarta Utara,Tanjung Priok,600.403041668603,9,4.15104324011495
5/1/2024,2024,May,41,Jakarta Utara,Cilincing,3653.542,57,2.18822006109755
5/1/2024,2024,May,41,Jakarta Utara,Kelapa gading,782456.4,12157,5.08987079464682
5/1/2024,2024,May,41,Jakarta Utara,Koja,6850.919,106,5.21339290442304
5/1/2024,2024,May,41,Jakarta Utara,Pademangan,116768.457814632,105,4.15813324104026
5/1/2024,2024,May,41,Jakarta Utara,Penjaringan,463013.068311228,9076,1.30290065358722
5/1/2024,2024,May,41,Jakarta Utara,Tanjung Priok,577.438051098415,9,4.15104324011495
6/1/2024,2024,June,42,Jakarta Utara,Cilincing,3616.888,56,2.18822006109755
6/1/2024,2024,June,42,Jakarta Utara,Kelapa gading,792240.6,12309,5.08987079464682
6/1/2024,2024,June,42,Jakarta Utara,Koja,6820.066,106,5.21339290442304
6/1/2024,2024,June,42,Jakarta Utara,Pademangan,115478.117331041,99,4.15813324104026
6/1/2024,2024,June,42,Jakarta Utara,Penjaringan,458406.011305224,8985,1.30290065358722
6/1/2024,2024,June,42,Jakarta Utara,Tanjung Priok,555.351455131997,9,4.15104324011495
7/1/2024,2024,July,43,Jakarta Utara,Cilincing,3580.234,56,2.18822006109755
7/1/2024,2024,July,43,Jakarta Utara,Kelapa gading,802024.8,12461,5.08987079464682
7/1/2024,2024,July,43,Jakarta Utara,Koja,6789.213,105,5.21339290442304
7/1/2024,2024,July,43,Jakarta Utara,Pademangan,114204.214753298,94,4.15813324104026
7/1/2024,2024,July,43,Jakarta Utara,Penjaringan,453844.795282356,8896,1.30290065358722
7/1/2024,2024,July,43,Jakarta Utara,Tanjung Priok,534.109655798664,8,4.15104324011495
8/1/2024,2024,August,44,Jakarta Utara,Cilincing,3543.58,55,2.18822006109755
8/1/2024,2024,August,44,Jakarta Utara,Kelapa gading,811809,12613,5.08987079464682
8/1/2024,2024,August,44,Jakarta Utara,Koja,6758.36,105,5.21339290442304
8/1/2024,2024,August,44,Jakarta Utara,Pademangan,112946.336532612,89,4.15813324104026
8/1/2024,2024,August,44,Jakarta Utara,Penjaringan,449328.964117222,8807,1.30290065358722
8/1/2024,2024,August,44,Jakarta Utara,Tanjung Priok,513.680340226287,8,4.15104324011495
9/1/2024,2024,September,45,Jakarta Utara,Cilincing,3506.926,55,2.18822006109755
9/1/2024,2024,September,45,Jakarta Utara,Kelapa gading,821593.2,12765,5.08987079464682
9/1/2024,2024,September,45,Jakarta Utara,Koja,6727.507,105,5.21339290442304
9/1/2024,2024,September,45,Jakarta Utara,Pademangan,111704.084532756,84,4.15813324104026
9/1/2024,2024,September,45,Jakarta Utara,Penjaringan,444858.066222941,8720,1.30290065358722
9/1/2024,2024,September,45,Jakarta Utara,Tanjung Priok,494.032431487179,8,4.15104324011495
10/1/2024,2024,October,46,Jakarta Utara,Cilincing,3470.272,54,2.18822006109755
10/1/2024,2024,October,46,Jakarta Utara,Kelapa gading,831377.4,12917,5.08987079464682
10/1/2024,2024,October,46,Jakarta Utara,Koja,6696.654,104,5.21339290442304
10/1/2024,2024,October,46,Jakarta Utara,Pademangan,110477.075273575,80,4.15813324104026
10/1/2024,2024,October,46,Jakarta Utara,Penjaringan,440431.654505999,8633,1.30290065358722
10/1/2024,2024,October,46,Jakarta Utara,Tanjung Priok,475.136041324098,7,4.15104324011495
11/1/2024,2024,November,47,Jakarta Utara,Cilincing,3433.618,53,2.18822006109755
11/1/2024,2024,November,47,Jakarta Utara,Kelapa gading,841161.6,13069,5.08987079464682
11/1/2024,2024,November,47,Jakarta Utara,Koja,6665.801,104,5.21339290442304
11/1/2024,2024,November,47,Jakarta Utara,Pademangan,109264.93922034,76,4.15813324104026
11/1/2024,2024,November,47,Jakarta Utara,Penjaringan,436049.286321536,8547,1.30290065358722
11/1/2024,2024,November,47,Jakarta Utara,Tanjung Priok,456.962424684448,7,4.15104324011495
12/1/2024,2024,December,48,Jakarta Utara,Cilincing,3396.964,53,2.18822006109755
12/1/2024,2024,December,48,Jakarta Utara,Kelapa gading,850945.8,13221,5.08987079464682
12/1/2024,2024,December,48,Jakarta Utara,Koja,6634.948,103,5.21339290442304
12/1/2024,2024,December,48,Jakarta Utara,Pademangan,108067.320115669,72,4.15813324104026
12/1/2024,2024,December,48,Jakarta Utara,Penjaringan,431710.52342908,8462,1.30290065358722
12/1/2024,2024,December,48,Jakarta Utara,Tanjung Priok,439.483935993512,7,4.15104324011495
1/1/2025,2025,January,49,Jakarta Utara,Cilincing,3360.31,52,2.18822006109755
1/1/2025,2025,January,49,Jakarta Utara,Kelapa gading,860730,13373,5.08987079464682
1/1/2025,2025,January,49,Jakarta Utara,Koja,6604.095,103,5.21339290442304
1/1/2025,2025,January,49,Jakarta Utara,Pademangan,106883.874350968,68,4.15813324104026
1/1/2025,2025,January,49,Jakarta Utara,Penjaringan,427414.931948727,8378,1.30290065358722
1/1/2025,2025,January,49,Jakarta Utara,Tanjung Priok,422.673987100196,7,4.15104324011495
2/1/2025,2025,February,50,Jakarta Utara,Cilincing,3323.656,52,2.18822006109755
2/1/2025,2025,February,50,Jakarta Utara,Kelapa gading,870514.2,13525,5.08987079464682
2/1/2025,2025,February,50,Jakarta Utara,Koja,6573.242,102,5.21339290442304
2/1/2025,2025,February,50,Jakarta Utara,Pademangan,105714.270374649,64,4.15813324104026
2/1/2025,2025,February,50,Jakarta Utara,Penjaringan,423162.082317749,8294,1.30290065358722
2/1/2025,2025,February,50,Jakarta Utara,Tanjung Priok,406.507006831336,6,4.15104324011495
3/1/2025,2025,March,51,Jakarta Utara,Cilincing,3287.002,51,2.18822006109755
3/1/2025,2025,March,51,Jakarta Utara,Kelapa gading,880298.4,13677,5.08987079464682
3/1/2025,2025,March,51,Jakarta Utara,Koja,6542.389,102,5.21339290442304
3/1/2025,2025,March,51,Jakarta Utara,Pademangan,104558.188134542,61,4.15813324104026
3/1/2025,2025,March,51,Jakarta Utara,Penjaringan,418951.549247639,8212,1.30290065358722
3/1/2025,2025,March,51,Jakarta Utara,Tanjung Priok,390.958402093004,6,4.15104324011495
4/1/2025,2025,April,52,Jakarta Utara,Cilincing,3250.348,51,2.18822006109755
4/1/2025,2025,April,52,Jakarta Utara,Kelapa gading,890082.6,13830,5.08987079464682
4/1/2025,2025,April,52,Jakarta Utara,Koja,6511.536,101,5.21339290442304
4/1/2025,2025,April,52,Jakarta Utara,Pademangan,103415.318552179,57,4.15813324104026
4/1/2025,2025,April,52,Jakarta Utara,Penjaringan,414782.911681581,8130,1.30290065358722
4/1/2025,2025,April,52,Jakarta Utara,Tanjung Priok,376.004520459677,6,4.15104324011495
5/1/2025,2025,May,53,Jakarta Utara,Cilincing,3213.694,50,2.18822006109755
5/1/2025,2025,May,53,Jakarta Utara,Kelapa gading,899866.8,13982,5.08987079464682
5/1/2025,2025,May,53,Jakarta Utara,Koja,6480.683,101,5.21339290442304
5/1/2025,2025,May,53,Jakarta Utara,Pademangan,102285.363026786,54,4.15813324104026
5/1/2025,2025,May,53,Jakarta Utara,Penjaringan,410655.752752346,8049,1.30290065358722
5/1/2025,2025,May,53,Jakarta Utara,Tanjung Priok,361.622614194334,6,4.15104324011495
6/1/2025,2025,June,54,Jakarta Utara,Cilincing,3177.04,49,2.18822006109755
6/1/2025,2025,June,54,Jakarta Utara,Kelapa gading,909651,14134,5.08987079464682
6/1/2025,2025,June,54,Jakarta Utara,Koja,6449.83,100,5.21339290442304
6/1/2025,2025,June,54,Jakarta Utara,Pademangan,101168.032966974,51,4.15813324104026
6/1/2025,2025,June,54,Jakarta Utara,Penjaringan,406569.659740599,7969,1.30290065358722
6/1/2025,2025,June,54,Jakarta Utara,Tanjung Priok,347.790805644764,5,4.15104324011495
7/1/2025,2025,July,55,Jakarta Utara,Cilincing,3140.386,49,2.18822006109755
7/1/2025,2025,July,55,Jakarta Utara,Kelapa gading,919435.2,14286,5.08987079464682
7/1/2025,2025,July,55,Jakarta Utara,Koja,6418.977,100,5.21339290442304
7/1/2025,2025,July,55,Jakarta Utara,Pademangan,100063.049348315,49,4.15813324104026
7/1/2025,2025,July,55,Jakarta Utara,Penjaringan,402524.224033636,7890,1.30290065358722
7/1/2025,2025,July,55,Jakarta Utara,Tanjung Priok,334.488053963438,5,4.15104324011495
8/1/2025,2025,August,56,Jakarta Utara,Cilincing,3103.732,48,2.18822006109755
8/1/2025,2025,August,56,Jakarta Utara,Kelapa gading,929219.4,14438,5.08987079464682
8/1/2025,2025,August,56,Jakarta Utara,Koja,6388.124,99,5.21339290442304
8/1/2025,2025,August,56,Jakarta Utara,Pademangan,98970.142295096,46,4.15813324104026
8/1/2025,2025,August,56,Jakarta Utara,Penjaringan,398519.041084514,7811,1.30290065358722
8/1/2025,2025,August,56,Jakarta Utara,Tanjung Priok,321.694123100324,5,4.15104324011495
9/1/2025,2025,September,57,Jakarta Utara,Cilincing,3067.078,48,2.18822006109755
9/1/2025,2025,September,57,Jakarta Utara,Kelapa gading,939003.6,14590,5.08987079464682
9/1/2025,2025,September,57,Jakarta Utara,Koja,6357.271,99,5.21339290442304
9/1/2025,2025,September,57,Jakarta Utara,Pademangan,97889.0506846744,44,4.15813324104026
9/1/2025,2025,September,57,Jakarta Utara,Penjaringan,394553.710371601,7734,1.30290065358722
9/1/2025,2025,September,57,Jakarta Utara,Tanjung Priok,309.389551019956,5,4.15104324011495
10/1/2025,2025,October,58,Jakarta Utara,Cilincing,3030.424,47,2.18822006109755
10/1/2025,2025,October,58,Jakarta Utara,Kelapa gading,948787.8,14742,5.08987079464682
10/1/2025,2025,October,58,Jakarta Utara,Koja,6326.418,98,5.21339290442304
10/1/2025,2025,October,58,Jakarta Utara,Pademangan,96819.5217729996,41,4.15813324104026
10/1/2025,2025,October,58,Jakarta Utara,Penjaringan,390627.835358521,7657,1.30290065358722
10/1/2025,2025,October,58,Jakarta Utara,Tanjung Priok,297.555620095918,5,4.15104324011495
11/1/2025,2025,November,59,Jakarta Utara,Cilincing,2993.77,47,2.18822006109755
11/1/2025,2025,November,59,Jakarta Utara,Kelapa gading,958572,14894,5.08987079464682
11/1/2025,2025,November,59,Jakarta Utara,Koja,6295.565,98,5.21339290442304
11/1/2025,2025,November,59,Jakarta Utara,Pademangan,95761.3108399459,39,4.15813324104026
11/1/2025,2025,November,59,Jakarta Utara,Penjaringan,386741.023454501,7581,1.30290065358722
11/1/2025,2025,November,59,Jakarta Utara,Tanjung Priok,286.174328637736,4,4.15104324011495
12/1/2025,2025,December,60,Jakarta Utara,Cilincing,2957.116,46,2.18822006109755
12/1/2025,2025,December,60,Jakarta Utara,Kelapa gading,968356.2,15046,5.08987079464682
12/1/2025,2025,December,60,Jakarta Utara,Koja,6264.712,97,5.21339290442304
12/1/2025,2025,December,60,Jakarta Utara,Pademangan,94714.1808532164,37,4.15813324104026
12/1/2025,2025,December,60,Jakarta Utara,Penjaringan,382892.885975112,7505,1.30290065358722
12/1/2025,2025,December,60,Jakarta Utara,Tanjung Priok,275.228363506828,4,4.15104324011495
